Time,ClimateRegionName,ClimateRegionIndex,NumSites,NEEC,SOMTC,AGB,AG_NPPC,BG_NPPC,Litterfall,AgeMortality,MineralN,TotalN,GrossMineralization,C_LiveLeaf,C_LiveFRoot,C_LiveWood,C_LiveCRoot,C_DeadWood,C_DeadCRoot,C_DeadLeaf_Struc,C_DeadLeaf_Meta,C_DeadFRoot_Struc,C_DeadFRoot_Meta,C_SOM1surf,C_SOM1soil,C_SOM2,C_SOM3,N_Leaf,N_FRoot,N_Wood,N_CRoot,N_DeadWood,N_DeadCRoot,N_DeadLeaf_Struc,N_DeadLeaf_Meta,N_DeadFRoot_Struc,N_DeadFRoot_Meta,N_SOM1surf,N_SOM1soil,N_SOM2,N_SOM3,SurfStrucNetMin,SurfMetaNetMin,SoilStrucNetMin,SoilMetaNetMin,SOM1surfNetMin,SOM1soilNetMin,SOM2NetMin,SOM3NetMin,TotalNdep,LeachedC,LeachedN,FireCEfflux,FireNEfflux,Nuptake,Nresorbed,TotalSoilN,Nvol,FrassC,
0, eco1, 1, 457557, 0, 3106.7, 19757.1, 0, 0, 0, 0, 4, 263, 0, 0, 0, 9285.9, 1608, 100, 517.4, 84.2, 14.9, 0, 0, 31.1, 62.1, 1833, 1180.6, 0, 0, 23.2, 8.8, 0.5, 2.6, 0.4, 1.5, 0, 0, 3.1, 6.2, 73.3, 139.3, 0, 0, 0, 0, 0, 0, 0, 0, 0, 0, 0, 0, 0, 0, 0, 227.9, 0, 0, 
0, eco2, 2, 903912, 0, 832.9, 19056.5, 0, 0, 0, 0, 4, 99.3, 0, 0, 0, 8956.6, 1594.1, 121.7, 548.4, 102.4, 18.1, 0, 0, 8.3, 16.7, 491.4, 316.5, 0, 0, 22, 8.2, 0.6, 2.7, 0.5, 1.8, 0, 0, 0.8, 1.7, 19.7, 37.3, 0, 0, 0, 0, 0, 0, 0, 0, 0, 0, 0, 0, 0, 0, 0, 65.8, 0, 0, 
0, eco3, 3, 540517, 0, 1373.4, 15716.6, 0, 0, 0, 0, 4, 132.9, 0, 0, 0, 7386.8, 1327.1, 156.4, 463.4, 131.6, 23.2, 0, 0, 13.7, 27.5, 810.3, 521.9, 0, 0, 18.1, 6.6, 0.8, 2.3, 0.7, 2.3, 0, 0, 1.4, 2.7, 32.4, 61.6, 0, 0, 0, 0, 0, 0, 0, 0, 0, 0, 0, 0, 0, 0, 0, 105.1, 0, 0, 
1, eco1, 1, 457557, -632.9, 3165.9, 16977.5, 606.8, 175.5, 13.2, 291.1, 0.7, 260.8, 3.2, 108.2, 75.1, 7868.3, 1373.1, 1253.2, 605, 12.7, 14.7, 3.4, 3.4, 110.5, 101, 1774.1, 1180.3, 2.3, 1.4, 19.7, 7.5, 3.4, 3, 0.1, 1.1, 0, 0.1, 3, 9, 70.2, 139.3, 0.1, 0.2, 0, 0, 0.3, 0.4, 0.1, 0, 0.05, 0.04, 0.08, 20.7, 0.6, 4.6, 0.1, 223.4, 0.03, 0, 
1, eco2, 2, 903912, -814.8, 916.8, 18616.4, 712.6, 206.3, 17.1, 347.6, 0.34, 100.9, 1.5, 125.4, 87.1, 8614.4, 1548, 837.2, 617.4, 13.7, 18.8, 4.2, 4.3, 87.7, 30.9, 481.8, 316.4, 2.7, 1.7, 21, 8, 2.4, 3.1, 0.1, 1.4, 0, 0.2, 1.4, 2.4, 18.8, 37.3, 0.2, 0.3, 0, 0, 0.1, 0.1, 0.1, 0, 0.05, 0.04, 0.08, 2.8, 0, 4.5, 0.2, 61.9, 0.02, 0, 
1, eco3, 3, 540517, -707, 1457.3, 15259.3, 642.8, 186.5, 15.4, 280.7, 0.5, 133.6, 2.1, 113.2, 78.8, 7043.2, 1284, 809.5, 521.2, 16, 21.6, 3.9, 4, 103.5, 46.4, 785.7, 521.7, 2.5, 1.6, 17.2, 6.4, 2.5, 2.6, 0.1, 1.7, 0, 0.2, 1.9, 4, 31, 61.6, 0.2, 0.4, 0, 0, 0.2, 0.2, 0.1, 0, 0.05, 0.12, 0.18, 4, 0.1, 4.5, 0.2, 101, 0.02, 0, 
2, eco1, 1, 457557, -431, 3241.8, 16038.5, 490.4, 139.4, 32.3, 265.3, 0.65, 261.8, 4.1, 167.6, 116.3, 7367.7, 1292.6, 1724.2, 643.7, 11.4, 21.6, 9.8, 10.3, 184.8, 150.6, 1726.4, 1180, 3.6, 2.2, 18.5, 7, 4.6, 3.2, 0.1, 1, 0, 0.4, 3, 11.8, 66.6, 139.2, 0, 0.1, 0, 0, 0.4, 0.7, 0.5, 0.1, 0.05, 0.16, 0.09, 22, 0.3, 1.9, 0.3, 222.8, 0.01, 0, 
2, eco2, 2, 903912, -643.9, 1000.3, 18652.4, 597.8, 171, 39.8, 338.3, 0.31, 105, 1.9, 205.3, 142.7, 8557.9, 1541.6, 1172.3, 660.9, 13.6, 26, 11.2, 11.9, 141.8, 54.7, 487.5, 316.3, 4.4, 2.9, 20.9, 7.9, 3.3, 3.3, 0.1, 1.3, 0.1, 0.5, 1.8, 3.3, 17.8, 37.3, 0, 0.1, 0, 0.1, 0.2, 0.2, 0.2, 0, 0.05, 0.13, 0.06, 7.7, 0.1, 0.9, 0.4, 62.4, 0.01, 0, 
2, eco3, 3, 540517, -565.6, 1509.4, 15737.4, 532.9, 152.3, 36.3, 277.8, 0.38, 137.1, 2.5, 187.2, 130.3, 7201.1, 1314.7, 983.9, 552.3, 12.6, 26.7, 10.2, 11, 145.8, 73.1, 768.9, 521.6, 4.1, 2.6, 17.6, 6.5, 2.9, 2.7, 0.1, 1.5, 0.1, 0.4, 2.3, 5.1, 29.3, 61.5, 0, 0.2, 0, 0.1, 0.3, 0.4, 0.4, 0, 0.05, 0.32, 0.12, 0.1, 0, 1.4, 0.4, 100.7, 0.01, 0, 
3, eco1, 1, 457557, -383.7, 3354.6, 14932.7, 492, 140, 42.7, 250.5, 0.6, 262.4, 4.4, 209.4, 145.7, 6808.3, 1199.8, 2166.1, 673.8, 17.2, 30.2, 16.4, 17.5, 270.7, 202.4, 1701.8, 1179.8, 4.4, 2.7, 17.1, 6.5, 5.7, 3.4, 0.1, 1.1, 0.1, 0.6, 3.2, 14.5, 63.3, 139.2, 0, 0, 0, 0.1, 0.4, 0.9, 0.3, 0.1, 0.05, 0.23, 0.08, 28.3, 0.3, 2, 0.4, 222.7, 0.01, 0, 
3, eco2, 2, 903912, -575.1, 1128.5, 17645.9, 584.2, 167.2, 50.8, 323, 0.31, 107.6, 2.1, 258, 179.6, 8031.3, 1451.4, 1696.7, 705.7, 20.6, 34.4, 18.9, 20.2, 211.7, 84.6, 515.9, 316.3, 5.5, 3.6, 19.6, 7.4, 4.5, 3.5, 0.1, 1.3, 0.1, 0.8, 2.3, 4.3, 17, 37.3, 0, 0, 0, 0.1, 0.3, 0.2, 0.1, 0, 0.05, 0.21, 0.07, 34.5, 0.3, 0.9, 0.5, 63.5, 0, 0, 
3, eco3, 3, 540517, -583.2, 1575.4, 16176.1, 557.5, 159.6, 49.5, 287.2, 0.31, 140.7, 2.5, 250.8, 174.8, 7343.5, 1343, 1167.8, 579.9, 20, 35.3, 16.9, 18.5, 187.4, 100.7, 765.8, 521.5, 5.4, 3.5, 17.9, 6.6, 3.3, 2.9, 0.1, 1.4, 0.1, 0.7, 2.7, 6.2, 28, 61.5, 0, 0, 0, 0.1, 0.4, 0.4, 0.3, 0, 0.05, 0.43, 0.1, 1.3, 0, 1.3, 0.5, 101, 0, 0, 
4, eco1, 1, 457557, -283.1, 3476.3, 13996.7, 420.8, 119.6, 46.9, 226.1, 0.62, 262.7, 4.3, 231.4, 161.1, 6345.8, 1123, 2467.4, 693.3, 22.4, 38.2, 22, 23.7, 350.6, 249.3, 1696.9, 1179.6, 4.8, 3, 16, 6, 6.4, 3.5, 0.1, 1.2, 0.1, 0.9, 3.5, 16.9, 60.6, 139.1, 0, -0.1, 0, 0.1, 0.4, 0.9, 0, 0.1, 0.05, 0.08, 0.04, 31.1, 0.3, 1.7, 0.4, 223.1, 0.01, 0, 
4, eco2, 2, 903912, -481.5, 1277.1, 16873.8, 530.8, 151.8, 57.8, 301.1, 0.32, 110.1, 2.2, 294.1, 204.9, 7631.7, 1384.4, 2081.7, 737, 27.4, 43.5, 25.4, 27.4, 286.8, 115.6, 558.4, 316.2, 6.2, 4.1, 18.7, 7, 5.5, 3.7, 0.1, 1.4, 0.1, 1, 2.8, 5.3, 16.5, 37.3, 0, -0.1, 0, 0.1, 0.3, 0.3, -0.1, 0, 0.05, 0.13, 0.04, 29.7, 0.2, 0.8, 0.6, 65, 0, 0, 
4, eco3, 3, 540517, -535.7, 1653.9, 16533.1, 527.4, 150.6, 59.1, 284.5, 0.26, 144, 2.4, 298.6, 208.1, 7464.9, 1367, 1343, 604.5, 28.1, 45.7, 23.8, 26.3, 230.5, 127.8, 774.3, 521.4, 6.4, 4.1, 18.3, 6.7, 3.7, 3, 0.1, 1.6, 0.1, 1, 3.2, 7.1, 26.9, 61.5, 0, -0.1, 0, 0.1, 0.4, 0.4, 0.2, 0, 0.05, 0.28, 0.05, 1.5, 0, 1.2, 0.6, 101.8, 0, 0, 
5, eco1, 1, 457557, -130.1, 3616.9, 11253.1, 321.9, 91.7, 42.6, 177, 0.68, 259.9, 4.1, 206.3, 143.8, 5073.5, 902.3, 3144, 726.9, 25, 42.2, 29.5, 31.6, 429.3, 294.7, 1713.4, 1179.4, 4.2, 2.6, 12.8, 4.8, 8.1, 3.6, 0.1, 1.3, 0.1, 1.1, 3.6, 19.3, 58.4, 139.1, 0, -0.1, 0, 0.1, 0.4, 0.9, -0.3, 0, 0.05, 0.65, 0.15, 96.9, 0.8, 1.4, 0.4, 223.7, 0.01, 0, 
5, eco2, 2, 903912, -361, 1451.5, 15207, 470.4, 134.5, 60.4, 268.1, 0.33, 110.5, 2.5, 297.2, 207.3, 6843.9, 1245.4, 2562.6, 768.7, 32.5, 50.7, 32.5, 35.2, 367.2, 150.4, 617.6, 316.2, 6.3, 4.1, 16.8, 6.3, 6.6, 3.8, 0.2, 1.5, 0.2, 1.3, 3.3, 6.5, 16.1, 37.3, 0.1, -0.1, 0, 0.2, 0.4, 0.3, -0.2, 0, 0.05, 0.61, 0.11, 72.7, 0.5, 0.9, 0.6, 66.7, 0.01, 0, 
5, eco3, 3, 540517, -483.7, 1746.6, 16705.2, 501.8, 142.9, 68.2, 283.1, 0.2, 146.8, 2.5, 330.4, 230.5, 7515.9, 1378.2, 1526.7, 626.8, 36.1, 57, 30.8, 34.2, 277.4, 156, 791.9, 521.3, 7, 4.6, 18.4, 6.8, 4.2, 3.1, 0.2, 1.8, 0.2, 1.3, 3.7, 8, 26, 61.5, 0.1, -0.1, 0, 0.2, 0.4, 0.4, 0.2, 0, 0.04, 0.91, 0.11, 4.9, 0, 1.2, 0.7, 102.8, 0, 0, 
6, eco1, 1, 457557, -66.4, 3793, 10425.2, 320.3, 91, 41.5, 167.8, 0.7, 259.8, 4.9, 212.3, 147.9, 4687.6, 836.5, 3229.7, 722.2, 24.2, 43.9, 27.4, 30.9, 527.3, 343.5, 1742.9, 1179.3, 4.4, 2.7, 11.9, 4.4, 8.3, 3.6, 0.1, 1.2, 0.1, 1.1, 4.1, 22, 56.1, 139.1, 0, -0.1, 0, 0.1, 0.5, 1.2, -0.7, 0.1, 0.05, 0.21, 0.07, 28.5, 0.2, 1.5, 0.3, 224.6, 0.01, 0, 
6, eco2, 2, 903912, -312.1, 1650.5, 14694.7, 464.6, 132.5, 61, 263.7, 0.37, 112.5, 2.9, 315.9, 220.2, 6591, 1201.3, 2703.9, 775, 33, 54.7, 33, 36.7, 456.4, 187.9, 689.8, 316.3, 6.7, 4.4, 16.2, 6, 7, 3.8, 0.2, 1.6, 0.2, 1.4, 4, 7.8, 15.8, 37.3, 0.1, -0.2, 0.1, 0.2, 0.5, 0.4, -0.4, 0, 0.05, 0.26, 0.05, 30.8, 0.2, 0.9, 0.6, 68.5, 0.01, 0, 
6, eco3, 3, 540517, -512.4, 1863.2, 17046.1, 554.5, 158, 71.5, 301.3, 0.25, 150.2, 3.1, 370.8, 258.6, 7642.1, 1403.2, 1670, 643.3, 38.2, 63.6, 33.7, 38.2, 332.8, 188.6, 820.5, 521.2, 7.9, 5.1, 18.7, 6.9, 4.5, 3.2, 0.2, 1.9, 0.2, 1.4, 4.4, 9, 25.2, 61.5, 0.1, -0.2, 0, 0.2, 0.5, 0.5, 0.1, 0, 0.05, 0.41, 0.05, 1.5, 0, 1.4, 0.7, 103.9, 0, 0, 
7, eco1, 1, 457557, -16.2, 3981.6, 9411.4, 328.7, 93.2, 42.4, 158.3, 0.75, 259.3, 5.6, 210.5, 146.7, 4210.1, 753.9, 3319.4, 711.6, 22.5, 44, 25.7, 30.1, 622.9, 394.2, 1785.3, 1179.2, 4.3, 2.7, 10.7, 3.9, 8.5, 3.6, 0.1, 1.2, 0.1, 1.1, 4.5, 25, 53.8, 139, 0, -0.2, 0.1, 0.1, 0.6, 1.5, -1.2, 0.1, 0.05, 0.65, 0.13, 37.1, 0.3, 1.5, 0.4, 225.6, 0.01, 0, 
7, eco2, 2, 903912, -290.7, 1877.3, 14448.6, 506.3, 143.7, 68, 273.3, 0.36, 114.8, 3.6, 337.4, 235.2, 6450, 1177.4, 2747.9, 767, 32.4, 57.1, 31.9, 36.6, 549.3, 230.6, 781, 316.4, 7.1, 4.7, 15.8, 5.9, 7.1, 3.8, 0.2, 1.6, 0.2, 1.4, 4.7, 9.3, 15.6, 37.3, 0.1, -0.2, 0.1, 0.2, 0.7, 0.5, -0.7, 0, 0.05, 0.75, 0.1, 22.9, 0.2, 1.1, 0.6, 70.5, 0.01, 0, 
7, eco3, 3, 540517, -557.2, 2008.2, 17511.9, 639.1, 181, 83.9, 330.4, 0.27, 153.8, 3.9, 414.7, 289.2, 7811.3, 1435.8, 1783.2, 652.3, 38.9, 68.6, 35, 40.7, 397, 227.4, 862.6, 521.2, 8.8, 5.7, 19.1, 7, 4.8, 3.2, 0.2, 1.9, 0.2, 1.5, 5.1, 10.3, 24.2, 61.4, 0.1, -0.2, 0.1, 0.3, 0.7, 0.7, 0, 0, 0.04, 1.18, 0.11, 1.2, 0, 1.8, 0.8, 105.1, 0, 0, 
8, eco1, 1, 457557, -17.6, 4146, 9085.2, 330.4, 93.7, 45, 156.8, 0.75, 259.6, 5.7, 219.7, 153.2, 4048.5, 727.2, 3220.7, 691.2, 23.4, 45.7, 24.7, 29.5, 698.4, 439.1, 1829.3, 1179.1, 4.5, 2.8, 10.3, 3.8, 8.2, 3.4, 0.1, 1.2, 0.1, 1, 4.9, 27.6, 51.8, 139, 0, -0.2, 0, 0.1, 0.7, 1.7, -1.4, 0.1, 0.05, 0.94, 0.16, 18.5, 0.1, 1.6, 0.4, 226.5, 0.01, 0, 
8, eco2, 2, 903912, -307.7, 2072.3, 14431.3, 506.9, 143.9, 73.2, 278.7, 0.3, 117.5, 3.5, 359.5, 250.8, 6421.1, 1173.9, 2763.3, 760.4, 36.2, 62.7, 34, 39.1, 621.1, 268.4, 866.4, 316.5, 7.5, 5, 15.8, 5.8, 7.1, 3.7, 0.2, 1.7, 0.2, 1.5, 5.2, 10.7, 15.4, 37.3, 0.1, -0.2, 0.1, 0.2, 0.7, 0.6, -0.8, 0, 0.05, 1.03, 0.11, 13.5, 0.1, 1.1, 0.7, 72.5, 0.01, 0, 
8, eco3, 3, 540517, -563.5, 2143.6, 17933.4, 635.8, 180.6, 92, 342.4, 0.21, 157.5, 3.7, 450.9, 314.6, 7972.5, 1467.5, 1919.5, 665.9, 45.5, 78.1, 40.2, 46.7, 453.3, 261.7, 907.4, 521.2, 9.6, 6.2, 19.6, 7.1, 5.2, 3.2, 0.2, 2.1, 0.2, 1.7, 5.7, 11.4, 23.5, 61.4, 0.1, -0.2, 0.1, 0.3, 0.7, 0.7, -0.1, 0, 0.04, 1.54, 0.12, 1, 0, 1.7, 0.9, 106.6, 0, 0, 
9, eco1, 1, 457557, -8.9, 4275.2, 8636.1, 282.1, 80.2, 45.1, 145, 0.8, 259.7, 5, 216.3, 151, 3843, 692.1, 3190.6, 677.8, 26.2, 49.6, 26.8, 31.6, 750.7, 475.3, 1870.1, 1179.1, 4.3, 2.8, 9.8, 3.5, 8.2, 3.4, 0.1, 1.3, 0.1, 1.1, 5.1, 29.7, 50.3, 139, 0, -0.1, 0, 0.1, 0.6, 1.6, -1.4, 0.1, 0.05, 0.28, 0.08, 17.9, 0.1, 1.3, 0.4, 227.6, 0.01, 0, 
9, eco2, 2, 903912, -264.8, 2247.9, 14090.2, 464.1, 132.1, 74.5, 264.2, 0.29, 119.4, 3.4, 364.3, 254.3, 6256.7, 1145.5, 2858.1, 759.3, 40.5, 68.8, 38.1, 43.6, 678.5, 303.5, 949.2, 316.7, 7.6, 5, 15.4, 5.7, 7.3, 3.7, 0.2, 1.9, 0.2, 1.6, 5.7, 12, 15.4, 37.3, 0.1, -0.2, 0.1, 0.2, 0.7, 0.6, -0.8, 0, 0.05, 0.41, 0.05, 26.7, 0.2, 1, 0.7, 74.6, 0, 0, 
9, eco3, 3, 540517, -499.8, 2290, 17942.4, 603, 171.4, 97.1, 334.7, 0.2, 160.3, 3.9, 468, 326.8, 7963.9, 1467.9, 2119, 681, 51.3, 87.2, 45.9, 53.2, 509.8, 296.8, 962.2, 521.2, 9.9, 6.5, 19.6, 7.1, 5.6, 3.3, 0.3, 2.4, 0.2, 2, 6.3, 12.6, 23, 61.4, 0.1, -0.3, 0.1, 0.3, 0.8, 0.7, -0.2, 0, 0.05, 0.64, 0.06, 17.3, 0.1, 1.7, 0.9, 108.3, 0, 0, 
10, eco1, 1, 457557, 5.1, 4392.8, 8140.3, 266.4, 75.7, 42, 136.5, 0.82, 259.7, 4.9, 210.9, 147.2, 3606.6, 651.4, 3157.4, 665.6, 26.3, 51.4, 27.6, 32.7, 793, 509, 1911.7, 1179.2, 4.2, 2.7, 9.3, 3.3, 8.1, 3.3, 0.1, 1.4, 0.1, 1.1, 5.4, 31.8, 49, 139, 0, -0.1, 0, 0.1, 0.6, 1.6, -1.6, 0.1, 0.05, 0.43, 0.11, 20.3, 0.2, 1.1, 0.3, 228.8, 0.01, 0, 
10, eco2, 2, 903912, -281.9, 2415.7, 14313.3, 475.8, 134.9, 76.3, 269.1, 0.31, 122.2, 3.5, 382.3, 266.7, 6339.4, 1161.5, 2817.9, 752.3, 42.4, 73.9, 39.2, 45.4, 731.8, 337.4, 1029.6, 316.9, 8, 5.3, 15.6, 5.8, 7.3, 3.7, 0.2, 2, 0.2, 1.7, 6.3, 13.3, 15.4, 37.3, 0.1, -0.2, 0.1, 0.3, 0.8, 0.7, -0.9, 0, 0.05, 0.66, 0.07, 2.1, 0, 1, 0.7, 76.7, 0, 0, 
10, eco3, 3, 540517, -508.7, 2444.6, 18245.1, 620, 175.9, 98.9, 343.2, 0.28, 163.7, 4, 492.4, 343.6, 8078.6, 1490.9, 2238.5, 692.5, 53.9, 94.3, 48.6, 56.8, 569.6, 331.7, 1022, 521.3, 10.4, 6.8, 19.8, 7.2, 5.9, 3.4, 0.3, 2.5, 0.2, 2.1, 7, 13.7, 22.6, 61.4, 0.1, -0.3, 0.1, 0.3, 0.9, 0.7, -0.3, 0, 0.05, 1, 0.08, 2.1, 0, 1.6, 0.9, 110.2, 0, 0, 
11, eco1, 1, 457557, 140.7, 4525.1, 7383.5, 240.5, 67.8, 40.3, 119.3, 0.84, 258.8, 6.5, 195.7, 136.6, 3271.2, 591.7, 3097.6, 641.3, 23.1, 48.2, 25.4, 31, 832.5, 548.8, 1964.5, 1179.3, 3.9, 2.5, 8.4, 3, 8, 3.2, 0.1, 1.3, 0.1, 1.1, 5.6, 34.4, 47.4, 139, 0, -0.2, 0.1, 0.1, 0.9, 2.3, -2.3, 0.1, 0.05, 1.12, 0.2, 35.5, 0.3, 1.3, 0.3, 229.9, 0.02, 0, 
11, eco2, 2, 903912, -202.8, 2600.6, 14320.5, 474.3, 133.8, 80.5, 262.8, 0.26, 124.5, 4.4, 392.5, 273.8, 6336.4, 1162.4, 2778.2, 735, 41, 74.8, 38.3, 45, 782.2, 376.4, 1124.8, 317.2, 8.2, 5.4, 15.6, 5.7, 7.2, 3.6, 0.2, 2, 0.2, 1.7, 6.9, 14.9, 15.4, 37.3, 0.1, -0.3, 0.1, 0.3, 1, 0.9, -1.3, 0, 0.05, 1.43, 0.12, 9.1, 0.1, 1.3, 0.7, 78.8, 0, 0, 
11, eco3, 3, 540517, -429.2, 2618.3, 18550.8, 605, 170.8, 104.9, 340.5, 0.23, 166.7, 4.8, 509.6, 355.6, 8207.6, 1516.4, 2308.7, 692.7, 53.3, 97.1, 48.5, 57.6, 632.5, 370.4, 1094, 521.4, 10.7, 7, 20.2, 7.3, 6.1, 3.3, 0.3, 2.6, 0.2, 2.1, 7.8, 15.1, 22.2, 61.4, 0.1, -0.4, 0.1, 0.4, 1.1, 0.9, -0.5, 0, 0.04, 2.06, 0.14, 1, 0, 2, 1, 111.9, 0, 0, 
12, eco1, 1, 457557, 53, 4617.9, 7178.8, 234.9, 66.4, 40.5, 116.1, 0.88, 259, 5.3, 193.1, 134.9, 3177.6, 575.9, 2989.7, 621.1, 24.6, 49.8, 25.5, 31.2, 856.7, 577.4, 2004.4, 1179.4, 3.9, 2.5, 8.2, 2.9, 7.7, 3.1, 0.1, 1.3, 0.1, 1.1, 5.8, 36.2, 46.3, 139, 0, -0.2, 0, 0.1, 0.7, 1.9, -1.9, 0.1, 0.05, 0.55, 0.14, 12.7, 0.1, 1.1, 0.3, 230.8, 0.02, 0, 
12, eco2, 2, 903912, -231.8, 2744.3, 13810, 444.4, 126, 78.9, 250.6, 0.24, 125.8, 3.7, 382, 266.7, 6103, 1120.7, 2929.3, 736.4, 46, 80.4, 43.9, 50.9, 814.3, 408.5, 1204, 317.4, 8, 5.3, 15, 5.5, 7.5, 3.6, 0.2, 2.2, 0.2, 1.9, 7.2, 16.1, 15.5, 37.3, 0.1, -0.2, 0.1, 0.3, 0.9, 0.8, -1.1, 0, 0.05, 0.88, 0.08, 40.5, 0.3, 1, 0.7, 80.9, 0, 0, 
12, eco3, 3, 540517, -474.1, 2759.2, 18859.5, 593.2, 168.5, 108.2, 340.6, 0.15, 169.7, 4, 520.5, 363.5, 8335.4, 1542.2, 2423, 704.2, 63.1, 108.4, 55.6, 65, 681, 401.1, 1155.6, 521.5, 10.9, 7.2, 20.5, 7.5, 6.4, 3.4, 0.3, 2.9, 0.3, 2.4, 8.4, 16.2, 21.9, 61.4, 0.1, -0.3, 0.1, 0.3, 0.9, 0.8, -0.5, 0, 0.05, 1.34, 0.1, 1.3, 0, 1.7, 1, 113.9, 0, 0, 
13, eco1, 1, 457557, 100.1, 4709.1, 7239.8, 251.4, 70.2, 41.6, 121.7, 0.87, 259.5, 6.4, 198.9, 138.8, 3200.9, 580.3, 2769.9, 590.3, 22.8, 48.4, 22.6, 28.6, 873.5, 608.4, 2047.6, 1179.5, 4, 2.5, 8.3, 2.9, 7.1, 2.9, 0.1, 1.3, 0.1, 1, 6, 38.3, 45.1, 139, 0, -0.2, 0, 0.1, 0.9, 2.5, -2.6, 0.1, 0.05, 1.09, 0.2, 3.8, 0, 1.3, 0.3, 231.7, 0.02, 0, 
13, eco2, 2, 903912, -154.4, 2913.2, 13132, 440.6, 124, 76.4, 244.8, 0.28, 126.8, 4.5, 370.8, 258.8, 5796.8, 1065.5, 3037.6, 729.2, 42.7, 78.7, 43, 50.7, 850.9, 446.2, 1298.3, 317.8, 7.8, 5.1, 14.3, 5.2, 7.8, 3.5, 0.2, 2.1, 0.2, 1.9, 7.6, 17.7, 15.7, 37.3, 0.1, -0.3, 0.1, 0.3, 1.1, 1, -1.4, 0, 0.05, 1.64, 0.13, 58.6, 0.4, 1.1, 0.7, 83, 0, 0, 
13, eco3, 3, 540517, -459.6, 2925.3, 19096.7, 630.8, 178.1, 109.9, 361.9, 0.21, 173, 4.8, 535.8, 373.9, 8433.9, 1562.3, 2538.9, 711.7, 62.1, 111.7, 56.4, 66.7, 735.5, 437.3, 1230.7, 521.7, 11.3, 7.4, 20.8, 7.5, 6.7, 3.4, 0.3, 3, 0.3, 2.4, 9.1, 17.5, 21.7, 61.4, 0.1, -0.4, 0.1, 0.4, 1.2, 0.9, -0.7, 0, 0.04, 2.54, 0.17, 8.8, 0.1, 1.8, 1, 115.9, 0, 0, 
14, eco1, 1, 457557, 62.1, 4774.1, 7291.8, 251.4, 70.2, 43.1, 122.3, 0.92, 260, 6.1, 203, 141.7, 3223.3, 584.6, 2604.1, 565.2, 23.5, 49.4, 22.5, 28.5, 877.6, 634.1, 2082.7, 1179.7, 4.1, 2.6, 8.3, 2.9, 6.7, 2.8, 0.1, 1.3, 0.1, 1, 6.1, 40.1, 44.1, 139, 0, -0.2, 0, 0.1, 0.8, 2.5, -2.5, 0.1, 0.05, 0.87, 0.15, 3.5, 0, 1.2, 0.3, 232.6, 0.02, 0, 
14, eco2, 2, 903912, -173.7, 3074, 13168.8, 448.4, 125.9, 78.5, 245.7, 0.28, 128.9, 4.5, 376.9, 263, 5810.2, 1068.2, 2981.4, 713.8, 42.9, 80.1, 41.6, 49.8, 889.3, 480, 1386.6, 318.1, 7.9, 5.2, 14.3, 5.3, 7.7, 3.5, 0.2, 2.1, 0.2, 1.8, 8, 19.2, 16, 37.3, 0.1, -0.3, 0.1, 0.3, 1.1, 1.1, -1.5, 0, 0.05, 1.38, 0.11, 9.7, 0.1, 1.1, 0.7, 85.2, 0, 0, 
14, eco3, 3, 540517, -454.9, 3098.5, 19273.1, 649.2, 183, 113.7, 366.2, 0.23, 176.1, 5.2, 549.1, 383.1, 8508.3, 1578.8, 2653, 717.1, 61.7, 114.2, 56.9, 68, 789.5, 474.1, 1313, 521.9, 11.6, 7.6, 21, 7.6, 7, 3.4, 0.3, 3, 0.3, 2.5, 9.7, 18.9, 21.7, 61.4, 0.1, -0.4, 0.1, 0.4, 1.3, 1, -0.9, 0, 0.05, 2.05, 0.13, 11, 0.1, 1.9, 1.1, 118, 0, 0, 
15, eco1, 1, 457557, 27.9, 4827.4, 7256.2, 269.5, 74.9, 44.3, 127.5, 0.95, 260.5, 6.1, 205.9, 143.7, 3196.1, 579.9, 2494.1, 545, 24.3, 50.8, 23.1, 29.3, 875.2, 657.9, 2114.5, 1179.9, 4.1, 2.6, 8.3, 2.9, 6.5, 2.7, 0.1, 1.3, 0.1, 1, 6.2, 41.7, 43.2, 139, 0, -0.2, 0, 0.1, 0.8, 2.6, -2.5, 0.1, 0.05, 0.62, 0.15, 7.6, 0.1, 1.2, 0.4, 233.5, 0.02, 0, 
15, eco2, 2, 903912, -144.5, 3229.5, 12518.4, 446.6, 125.1, 76.7, 242.6, 0.29, 129.9, 4.8, 364.2, 254.1, 5514.2, 1015.7, 3079.1, 705.7, 42.2, 79.7, 42.2, 50.9, 916.9, 514.8, 1479.3, 318.5, 7.6, 5, 13.6, 5, 7.9, 3.4, 0.2, 2.1, 0.2, 1.9, 8.2, 20.8, 16.3, 37.3, 0.1, -0.3, 0.1, 0.3, 1.2, 1.2, -1.8, 0, 0.05, 1.11, 0.1, 49.1, 0.4, 1.1, 0.7, 87.4, 0, 0, 
15, eco3, 3, 540517, -501.2, 3272.4, 19621.7, 695.3, 195.7, 119.8, 390.4, 0.22, 179.7, 5.4, 567.7, 396.1, 8648.6, 1607, 2748.6, 723.9, 64.2, 118.8, 58.7, 70.3, 842.6, 510, 1397.7, 522.1, 12, 7.8, 21.3, 7.7, 7.2, 3.4, 0.3, 3.1, 0.3, 2.6, 10.4, 20.3, 21.6, 61.3, 0.1, -0.4, 0.1, 0.4, 1.4, 1.1, -1, 0, 0.05, 1.67, 0.11, 3.1, 0, 2, 1.2, 120.2, 0, 0, 
16, eco1, 1, 457557, 90, 4867.7, 6253.7, 208.5, 58.1, 38.5, 105.1, 1.01, 259.1, 5.8, 178.1, 124.3, 2758.4, 501.2, 2603.1, 536.9, 23.4, 49, 25.6, 32.2, 861.3, 681, 2145.4, 1180.1, 3.6, 2.3, 7.1, 2.5, 6.7, 2.6, 0.1, 1.3, 0.1, 1.1, 6, 43.2, 42.4, 139, 0, -0.2, 0, 0.1, 0.8, 2.5, -2.5, 0.1, 0.05, 0.93, 0.2, 68.3, 0.5, 1, 0.3, 234.2, 0.02, 0, 
16, eco2, 2, 903912, -140.5, 3367.9, 12646.5, 412.7, 115.7, 77.9, 235.1, 0.28, 132.1, 4.5, 368, 256.8, 5573, 1026.5, 2999.1, 690.8, 44.3, 82.5, 42, 50.9, 945.7, 544.1, 1559.1, 319, 7.7, 5.1, 13.8, 5, 7.7, 3.3, 0.2, 2.2, 0.2, 1.9, 8.6, 22.2, 16.6, 37.4, 0.1, -0.3, 0.1, 0.3, 1.1, 1.2, -1.7, 0, 0.05, 1.55, 0.12, 4, 0, 1.1, 0.7, 89.5, 0, 0, 
16, eco3, 3, 540517, -401, 3431.8, 19650.6, 602.5, 170.6, 119.2, 365.1, 0.19, 182.3, 5.1, 564.2, 393.9, 8668.3, 1613.5, 2881.6, 733.4, 69.5, 125.6, 63.2, 75.2, 888.1, 543.3, 1478, 522.4, 11.9, 7.7, 21.4, 7.8, 7.6, 3.5, 0.4, 3.3, 0.3, 2.8, 10.9, 21.6, 21.7, 61.3, 0.1, -0.4, 0.1, 0.4, 1.3, 1.1, -1, 0, 0.05, 2.29, 0.14, 14.7, 0.1, 1.9, 1.1, 122.5, 0, 0, 
17, eco1, 1, 457557, 111.4, 4917.9, 6250.3, 219.1, 60.2, 39.3, 108.7, 1.08, 259.5, 6.6, 178.1, 124.3, 2759.5, 501.2, 2439.9, 510.9, 22.2, 47.9, 22.4, 29.4, 859.8, 702.8, 2174.9, 1180.4, 3.6, 2.3, 7.2, 2.5, 6.3, 2.5, 0.1, 1.2, 0.1, 1, 6.1, 44.8, 41.7, 139, 0, -0.2, 0, 0.1, 0.9, 3, -3, 0.1, 0.05, 0.26, 0.08, 2.8, 0, 1.2, 0.3, 235.2, 0.02, 0, 
17, eco2, 2, 903912, -55.3, 3509.1, 11988.6, 397, 110.3, 74.5, 225, 0.32, 132.6, 5.3, 348.2, 242.9, 5283.7, 973.6, 3043.2, 677.5, 40.9, 79.2, 41, 50.3, 961.5, 577.6, 1650.5, 319.5, 7.3, 4.8, 13.1, 4.8, 7.8, 3.3, 0.2, 2.1, 0.2, 1.8, 8.7, 23.8, 17, 37.4, 0.1, -0.3, 0.1, 0.3, 1.3, 1.4, -2.1, 0, 0.05, 0.66, 0.07, 60.6, 0.4, 1.1, 0.7, 91.6, 0.01, 0, 
17, eco3, 3, 540517, -360.8, 3614.1, 19844, 615.6, 172.2, 119.7, 378.4, 0.27, 185.3, 5.9, 567.4, 395.9, 8756.3, 1631.1, 2944.6, 735.2, 66.9, 126.1, 61.7, 74.4, 940.7, 579.9, 1570.8, 522.7, 12, 7.8, 21.6, 7.8, 7.7, 3.5, 0.3, 3.3, 0.3, 2.7, 11.6, 23.2, 21.8, 61.3, 0.1, -0.5, 0.1, 0.4, 1.5, 1.2, -1.3, 0, 0.05, 1.17, 0.09, 3.1, 0, 2, 1.2, 124.9, 0, 0, 
18, eco1, 1, 457557, 43.9, 4949.9, 6334.5, 223.9, 61.9, 39.4, 111.7, 1.12, 260, 5.7, 181.2, 126.5, 2794.4, 507.6, 2317.7, 492.1, 22.9, 49, 21.8, 29, 853.9, 719.4, 2195.9, 1180.6, 3.7, 2.3, 7.2, 2.5, 6, 2.4, 0.1, 1.2, 0.1, 1, 6.2, 46, 41.1, 139, 0, -0.2, 0, 0.1, 0.8, 2.6, -2.6, 0.1, 0.05, 0.81, 0.17, 1.5, 0, 1, 0.3, 235.9, 0.02, 0, 
18, eco2, 2, 903912, -122.4, 3635.4, 12089.9, 413.9, 115.3, 75.3, 231.5, 0.32, 134.7, 4.8, 352.5, 246, 5326, 981.1, 2965.2, 661.8, 41.7, 80.6, 40, 49.5, 982.4, 605.4, 1727.6, 320, 7.4, 4.8, 13.2, 4.8, 7.6, 3.2, 0.2, 2.1, 0.2, 1.8, 9, 25.2, 17.4, 37.4, 0.1, -0.3, 0.1, 0.3, 1.2, 1.4, -2, 0, 0.05, 1.5, 0.11, 6.7, 0.1, 1.1, 0.7, 93.7, 0.01, 0, 
18, eco3, 3, 540517, -430.6, 3782.9, 20141.4, 660.4, 185.8, 122.5, 391.7, 0.27, 188.7, 5.7, 577.7, 403.2, 8885.6, 1656.8, 3019.5, 741.4, 68.9, 129.9, 63.1, 76.1, 987.2, 613.8, 1658.8, 523, 12.2, 7.9, 21.9, 8, 7.9, 3.5, 0.4, 3.4, 0.3, 2.8, 12.2, 24.6, 22, 61.4, 0.1, -0.4, 0.1, 0.4, 1.5, 1.3, -1.3, 0, 0.05, 2.26, 0.14, 1.6, 0, 2, 1.2, 127.3, 0, 0, 
19, eco1, 1, 457557, 109.1, 4972.8, 5794.2, 188.2, 51.6, 36, 99.7, 1.19, 259.3, 6.1, 164, 114.5, 2558.5, 464.9, 2319.1, 478.2, 21.5, 47, 22.3, 29.6, 837.9, 736.5, 2217.5, 1180.9, 3.3, 2.1, 6.6, 2.3, 6, 2.3, 0.1, 1.2, 0.1, 1, 6.1, 47.3, 40.5, 139, 0, -0.2, 0, 0.1, 0.8, 2.9, -2.9, 0.1, 0.05, 0.6, 0.15, 38.1, 0.3, 1, 0.3, 236.6, 0.02, 0, 
19, eco2, 2, 903912, -96.1, 3749.4, 12085.5, 391, 108.3, 76, 226.8, 0.31, 136.4, 4.9, 350.2, 244.3, 5325.7, 980.6, 2915.1, 647.8, 42.3, 81.7, 40, 49.7, 996.1, 631.8, 1801, 320.5, 7.4, 4.8, 13.2, 4.8, 7.5, 3.1, 0.2, 2.2, 0.2, 1.8, 9.2, 26.6, 17.8, 37.4, 0.1, -0.3, 0.1, 0.3, 1.2, 1.5, -2, 0, 0.05, 1.29, 0.11, 13.4, 0.1, 1.1, 0.7, 95.6, 0.01, 0, 
19, eco3, 3, 540517, -343.1, 3947, 20317.2, 592.4, 166.8, 121.6, 381, 0.27, 191.5, 5.7, 575.8, 401.7, 8970.7, 1674.6, 3086.8, 747, 70.7, 133.2, 64.6, 77.9, 1031, 646.6, 1746, 523.4, 12.1, 7.9, 22.2, 8, 8.1, 3.5, 0.4, 3.5, 0.3, 2.8, 12.7, 26, 22.2, 61.4, 0.1, -0.5, 0.1, 0.4, 1.5, 1.3, -1.4, 0, 0.05, 2.08, 0.14, 1.6, 0, 2, 1.2, 129.6, 0, 0, 
20, eco1, 1, 457557, 103.5, 4995.8, 5617.5, 212.7, 58.4, 36.2, 103.2, 1.29, 259.3, 6.8, 160.1, 111.8, 2469.9, 449.6, 2215.3, 457.9, 20.4, 45.5, 20.5, 28, 825.8, 752.5, 2236.1, 1181.2, 3.2, 2, 6.4, 2.2, 5.8, 2.2, 0.1, 1.2, 0.1, 1, 6.1, 48.6, 40, 139, 0, -0.2, 0, 0.1, 0.9, 3.3, -3.3, 0.1, 0.05, 0.85, 0.18, 11.6, 0.1, 1.1, 0.3, 237.3, 0.02, 0, 
20, eco2, 2, 903912, -128.2, 3864.9, 12280.4, 447.6, 123.3, 80.4, 246.2, 0.31, 138.8, 5.5, 358.4, 250.1, 5405.7, 994.1, 2821.8, 630.4, 41.7, 82.1, 38.6, 48.8, 1007.9, 659.1, 1876.7, 321.1, 7.5, 4.9, 13.4, 4.9, 7.3, 3, 0.2, 2.2, 0.2, 1.8, 9.5, 28, 18.2, 37.4, 0.1, -0.3, 0.1, 0.3, 1.4, 1.7, -2.4, 0, 0.05, 1.51, 0.11, 2.4, 0, 1.2, 0.8, 97.7, 0, 0, 
20, eco3, 3, 540517, -424.1, 4123.1, 20608.8, 699.3, 195.9, 128.5, 411.8, 0.26, 194.9, 6.5, 587.2, 409.8, 9095.4, 1699.3, 3135.6, 750.7, 70.3, 134.5, 64.2, 78.1, 1074.6, 682.1, 1842.6, 523.8, 12.4, 8, 22.5, 8.2, 8.2, 3.5, 0.4, 3.5, 0.3, 2.9, 13.3, 27.7, 22.5, 61.4, 0.1, -0.5, 0.1, 0.5, 1.8, 1.5, -1.7, 0, 0.05, 2.32, 0.14, 1.6, 0, 2.2, 1.3, 132.1, 0, 0, 
21, eco1, 1, 457557, 89.6, 5008.9, 5655.9, 214.9, 58.7, 36.1, 100.5, 1.32, 259.7, 6.8, 165, 115.1, 2492.6, 453.7, 2088.6, 436, 19.2, 44.2, 18.7, 26.1, 812.1, 765.8, 2249.4, 1181.6, 3.4, 2.1, 6.5, 2.2, 5.5, 2.1, 0.1, 1.1, 0.1, 0.9, 6.1, 49.8, 39.4, 139, 0, -0.2, 0, 0.1, 0.9, 3.3, -3.4, 0.1, 0.05, 1.16, 0.21, 2.1, 0, 1.1, 0.3, 238, 0.02, 0, 
21, eco2, 2, 903912, -148.5, 3969.1, 12463.5, 453.8, 124.7, 80.8, 246.3, 0.3, 141.2, 5.5, 367.8, 256.4, 5488.7, 1008.5, 2757, 616.1, 40.9, 82.4, 37.8, 48.6, 1016.2, 684.9, 1946.2, 321.7, 7.8, 5, 13.6, 4.9, 7.1, 2.9, 0.2, 2.2, 0.2, 1.7, 9.7, 29.4, 18.6, 37.5, 0.1, -0.3, 0.1, 0.3, 1.4, 1.7, -2.4, 0, 0.05, 2.05, 0.14, 3.2, 0, 1.1, 0.8, 99.8, 0, 0, 
21, eco3, 3, 540517, -425.6, 4298.1, 20942.1, 713.9, 200.2, 126.6, 414.8, 0.28, 198.6, 6.8, 604.3, 421.3, 9238.9, 1727.3, 3190.2, 753.6, 67.3, 133, 62.5, 76.7, 1116.3, 717.4, 1940.1, 524.3, 12.8, 8.3, 22.8, 8.3, 8.4, 3.5, 0.3, 3.5, 0.3, 2.8, 13.8, 29.3, 22.8, 61.4, 0.1, -0.5, 0.1, 0.5, 1.9, 1.6, -1.9, 0, 0.05, 3.26, 0.18, 2.7, 0, 2.1, 1.3, 134.5, 0, 0, 
22, eco1, 1, 457557, 98.9, 5009.5, 5712.2, 243.9, 66, 38.8, 108.6, 1.46, 260.2, 8, 170.1, 118.6, 2514.6, 457.1, 1954, 411.4, 18, 42.4, 17.1, 24.4, 790.7, 778.1, 2258.6, 1182, 3.5, 2.2, 6.6, 2.2, 5.1, 2, 0.1, 1.1, 0.1, 0.8, 6.1, 51.1, 38.9, 139, 0, -0.2, 0, 0.1, 1, 4.1, -4.1, 0.1, 0.05, 0.61, 0.13, 2, 0, 1.2, 0.3, 238.7, 0.02, 0, 
22, eco2, 2, 903912, -84.9, 4077.3, 12051.9, 464.5, 127.1, 80.7, 248.6, 0.33, 142.6, 6.6, 358.9, 250.2, 5304.7, 975.6, 2787.3, 601.8, 37.9, 78.9, 36.6, 47.7, 1015.8, 714.1, 2024.9, 322.5, 7.6, 4.9, 13.2, 4.8, 7.2, 2.9, 0.2, 2.1, 0.2, 1.7, 9.7, 31.1, 19.1, 37.5, 0.1, -0.4, 0.1, 0.3, 1.6, 2.2, -3, 0, 0.05, 1.25, 0.1, 38.4, 0.3, 1.2, 0.8, 102, 0.01, 0, 
22, eco3, 3, 540517, -455.3, 4486.6, 21368.2, 798, 221.4, 137.7, 447.4, 0.27, 202.7, 7.9, 626.3, 436.4, 9419.7, 1760.7, 3214.9, 751.2, 64.5, 130.3, 59.9, 74.5, 1156.1, 755.4, 2050.2, 524.9, 13.3, 8.6, 23.3, 8.5, 8.5, 3.5, 0.3, 3.4, 0.3, 2.7, 14.2, 31.2, 23.2, 61.4, 0.1, -0.6, 0.1, 0.5, 2.2, 2, -2.4, 0, 0.05, 2.26, 0.14, 2.3, 0, 2.4, 1.4, 137.1, 0, 0, 
23, eco1, 1, 457557, 90.9, 4998.4, 5750.5, 216.1, 58.9, 39.6, 104.7, 1.65, 260.5, 7.4, 169.6, 118.4, 2533, 460.2, 1843.8, 391.4, 19.1, 43, 17.5, 24.7, 767.8, 787, 2261.2, 1182.4, 3.4, 2.2, 6.6, 2.2, 4.8, 1.9, 0.1, 1.1, 0.1, 0.8, 6, 52.1, 38.4, 139, 0, -0.2, 0, 0.1, 0.9, 3.9, -3.8, 0.1, 0.05, 0.88, 0.19, 2.4, 0, 1.1, 0.3, 239.3, 0.03, 0, 
23, eco2, 2, 903912, -76.2, 4171.3, 12170.7, 430.6, 118.4, 81.7, 241.2, 0.34, 144.6, 6.3, 360.4, 251.4, 5359.3, 985.4, 2692.8, 583.4, 39.2, 79.2, 36, 47, 1018.3, 738.3, 2091.5, 323.3, 7.6, 4.9, 13.3, 4.8, 7, 2.8, 0.2, 2.1, 0.2, 1.7, 9.8, 32.6, 19.6, 37.6, 0.1, -0.4, 0.1, 0.3, 1.5, 2.2, -3, 0, 0.05, 1.74, 0.13, 3.5, 0, 1.2, 0.8, 104.2, 0.01, 0, 
23, eco3, 3, 540517, -353, 4659.8, 21667.9, 717.2, 200.6, 138.8, 424.9, 0.25, 206, 8, 630.6, 439.8, 9556.6, 1787, 3220.8, 746.3, 66, 130.3, 60.3, 74.6, 1187.7, 790.9, 2155.7, 525.5, 13.3, 8.6, 23.7, 8.6, 8.5, 3.5, 0.3, 3.4, 0.3, 2.7, 14.6, 33.1, 23.7, 61.4, 0.1, -0.6, 0.1, 0.5, 2.3, 2.1, -2.6, 0, 0.05, 2.78, 0.16, 1.6, 0, 2.4, 1.4, 139.9, 0, 0, 
24, eco1, 1, 457557, 34.1, 4988.1, 5862.2, 222.6, 60.1, 39.2, 108.6, 1.69, 261, 6.5, 173.2, 120.8, 2581.4, 467.9, 1758.7, 376.8, 19.9, 44.3, 17.9, 25.4, 749.1, 794.4, 2261.9, 1182.7, 3.5, 2.2, 6.7, 2.3, 4.6, 1.8, 0.1, 1.1, 0.1, 0.9, 6, 52.8, 38.1, 139.1, 0, -0.2, 0, 0.1, 0.8, 3.4, -3.3, 0.1, 0.05, 1.08, 0.25, 0.6, 0, 1, 0.3, 239.8, 0.03, 0, 
24, eco2, 2, 903912, -129.5, 4252.1, 12130.6, 426.5, 116.9, 79.5, 241.5, 0.35, 146.5, 5.6, 358.5, 249.9, 5342, 982.2, 2692.2, 576.1, 40.7, 81.6, 37.6, 49, 1019.9, 759.9, 2148.4, 323.9, 7.6, 4.9, 13.3, 4.8, 7, 2.7, 0.2, 2.1, 0.2, 1.7, 9.9, 33.9, 20.1, 37.6, 0.1, -0.3, 0.1, 0.3, 1.3, 2, -2.6, 0, 0.05, 1.95, 0.15, 12.4, 0.1, 1, 0.8, 106.2, 0.01, 0, 
24, eco3, 3, 540517, -442.5, 4811, 21988.2, 724.5, 203, 135.7, 437.7, 0.27, 209.7, 6.9, 640.3, 446.3, 9696.6, 1814.1, 3299.4, 756.4, 70.7, 136.3, 64.2, 78.7, 1218.2, 822.1, 2244.7, 526, 13.5, 8.7, 24, 8.7, 8.7, 3.5, 0.4, 3.5, 0.3, 2.9, 14.9, 34.7, 24.1, 61.4, 0.1, -0.5, 0.1, 0.4, 1.9, 1.8, -2.2, 0, 0.05, 3.33, 0.19, 0.2, 0, 2, 1.4, 142.5, 0, 0, 
25, eco1, 1, 457557, 59.3, 4973.4, 5852.2, 192.3, 51.8, 39.3, 102.2, 1.8, 261.2, 6.5, 167.9, 117.1, 2568.6, 465.3, 1698.3, 364.5, 21.1, 46.3, 18.9, 26.8, 730.5, 800.5, 2259.4, 1183, 3.4, 2.2, 6.7, 2.3, 4.5, 1.7, 0.1, 1.2, 0.1, 0.9, 6, 53.4, 37.8, 139.1, 0, -0.2, 0, 0.1, 0.8, 3.4, -3.2, 0.1, 0.05, 0.86, 0.25, 1.8, 0, 1, 0.4, 240.4, 0.03, 0, 
25, eco2, 2, 903912, -90.3, 4327.9, 12169.4, 396.7, 108.7, 79.8, 231.4, 0.34, 148.2, 5.8, 354, 246.8, 5362.8, 985.9, 2652.3, 566.2, 42.3, 84.1, 38.5, 50.2, 1021.4, 780.4, 2201.4, 324.7, 7.5, 4.8, 13.4, 4.8, 6.9, 2.7, 0.2, 2.2, 0.2, 1.8, 10.1, 35.2, 20.5, 37.6, 0.1, -0.3, 0.1, 0.3, 1.3, 2.1, -2.7, 0, 0.05, 1.81, 0.15, 4.8, 0, 1.1, 0.8, 108.2, 0.01, 0, 
25, eco3, 3, 540517, -307.8, 4967.8, 22138.5, 649.2, 181.7, 136.8, 412.4, 0.23, 212.5, 7.5, 632.6, 441, 9776.1, 1829.7, 3341.3, 758.6, 72.1, 139.3, 65.7, 80.5, 1247.5, 854.7, 2338.9, 526.7, 13.3, 8.6, 24.2, 8.8, 8.8, 3.5, 0.4, 3.6, 0.3, 2.9, 15.3, 36.4, 24.6, 61.5, 0.1, -0.6, 0.1, 0.5, 2.1, 2.1, -2.5, 0, 0.05, 2.97, 0.17, 2.4, 0, 2.2, 1.4, 145.2, 0, 0, 
26, eco1, 1, 457557, 17.4, 4959, 5932.8, 234.3, 63.2, 40.4, 112.1, 1.89, 261.7, 6.8, 173.6, 121.1, 2615, 473.2, 1641.4, 352, 20.8, 46.7, 18.7, 26.9, 712.6, 806.5, 2256.5, 1183.4, 3.6, 2.2, 6.8, 2.3, 4.3, 1.7, 0.1, 1.2, 0.1, 0.9, 6, 54, 37.5, 139.1, 0, -0.2, 0, 0.1, 0.8, 3.6, -3.3, 0.1, 0.05, 0.58, 0.21, 2, 0, 1.1, 0.4, 240.8, 0.03, 0, 
26, eco2, 2, 903912, -108, 4406.8, 12283.3, 438.5, 119.6, 81, 247.3, 0.36, 150.4, 6.4, 357.9, 249.5, 5413.7, 994.4, 2605.9, 554.6, 40.6, 83.3, 37.2, 49.2, 1021.8, 801.9, 2257.7, 325.5, 7.6, 4.9, 13.5, 4.9, 6.8, 2.6, 0.2, 2.2, 0.2, 1.7, 10.2, 36.6, 21, 37.7, 0.1, -0.4, 0.1, 0.3, 1.5, 2.3, -3, 0, 0.05, 1.42, 0.12, 4.8, 0, 1.2, 0.8, 110.2, 0.01, 0, 
26, eco3, 3, 540517, -372.3, 5130.6, 22452.9, 730.2, 203.1, 138.7, 443.6, 0.27, 216.1, 8.1, 640.2, 446.3, 9913.5, 1855.5, 3374.9, 760.7, 70.4, 139, 64.7, 79.8, 1276.5, 888.8, 2438, 527.3, 13.5, 8.7, 24.6, 8.9, 8.9, 3.5, 0.4, 3.6, 0.3, 2.9, 15.6, 38.3, 25.1, 61.5, 0.1, -0.6, 0.1, 0.5, 2.2, 2.3, -2.8, 0, 0.05, 2.66, 0.16, 1.1, 0, 2.2, 1.4, 148, 0, 0, 
27, eco1, 1, 457557, -9.6, 4945.7, 5927.8, 236.5, 64.1, 40.7, 114, 1.93, 262, 6.4, 174.5, 121.8, 2609.8, 472.7, 1626.7, 343.9, 21.6, 48.1, 19.5, 28.1, 697.2, 811.7, 2253, 1183.7, 3.6, 2.2, 6.8, 2.3, 4.3, 1.6, 0.1, 1.2, 0.1, 0.9, 6, 54.5, 37.2, 139.1, 0, -0.2, 0, 0.1, 0.8, 3.4, -3, 0.1, 0.05, 0.97, 0.3, 6.1, 0, 1.1, 0.4, 241.1, 0.03, 0, 
27, eco2, 2, 903912, -128.6, 4477.5, 12231.1, 437.7, 119.7, 81.1, 251.3, 0.36, 152.3, 6.2, 355.9, 248.1, 5390.1, 991.1, 2623.8, 549.4, 41.8, 84.9, 38.3, 50.7, 1021.4, 821.8, 2308, 326.2, 7.5, 4.8, 13.4, 4.8, 6.8, 2.6, 0.2, 2.2, 0.2, 1.8, 10.3, 37.9, 21.5, 37.7, 0.1, -0.3, 0.1, 0.3, 1.4, 2.3, -2.9, 0, 0.05, 2.11, 0.17, 9.7, 0.1, 1.1, 0.8, 112.2, 0.01, 0, 
27, eco3, 3, 540517, -421.6, 5278.3, 22765.3, 737.1, 206, 141.7, 456.8, 0.25, 219.9, 7.6, 647.3, 451.3, 10052, 1881.9, 3449.1, 771.3, 75, 144.7, 67.9, 83.4, 1303.2, 920, 2527.1, 528, 13.7, 8.8, 24.9, 9.1, 9.1, 3.6, 0.4, 3.8, 0.3, 3, 16, 39.9, 25.6, 61.5, 0.1, -0.5, 0.1, 0.5, 2.1, 2.2, -2.6, 0, 0.05, 3.45, 0.2, 0, 0, 2.2, 1.4, 150.8, 0, 0, 
28, eco1, 1, 457557, 52.2, 4926.8, 5398.9, 214, 58.1, 37, 103, 1.99, 261.1, 7.1, 160.3, 111.8, 2375, 431.4, 1708.8, 338.5, 19.9, 45.9, 19.9, 28.8, 676.1, 817.6, 2249, 1184.1, 3.3, 2.1, 6.2, 2.1, 4.5, 1.6, 0.1, 1.2, 0.1, 1, 5.9, 55.1, 37, 139.1, 0, -0.2, 0, 0.1, 0.8, 3.8, -3.5, 0.1, 0.05, 1.81, 0.4, 39.1, 0.3, 1.1, 0.3, 241.4, 0.03, 0, 
28, eco2, 2, 903912, -114, 4546.1, 12379, 446.1, 121.4, 82.9, 255.9, 0.35, 154.4, 6.6, 360.7, 251.4, 5456.6, 1001.8, 2575, 539.7, 40.7, 84.5, 37.3, 49.9, 1020.4, 841.7, 2356.9, 327.1, 7.7, 4.9, 13.6, 4.9, 6.7, 2.5, 0.2, 2.2, 0.2, 1.8, 10.4, 39.3, 21.9, 37.7, 0.1, -0.4, 0.1, 0.3, 1.5, 2.5, -3.2, 0, 0.05, 3.32, 0.24, 6.3, 0, 1.2, 0.9, 114, 0.01, 0, 
28, eco3, 3, 540517, -360.6, 5439, 23016.5, 742.2, 207, 141.9, 461.7, 0.26, 223.4, 8.6, 653.9, 455.6, 10167.5, 1904.4, 3496.1, 775, 71.8, 143.5, 66.3, 82.3, 1332.1, 954.3, 2623.9, 528.8, 13.8, 8.9, 25.2, 9.2, 9.2, 3.6, 0.4, 3.7, 0.3, 3, 16.3, 41.8, 26.2, 61.5, 0.2, -0.6, 0.1, 0.5, 2.3, 2.5, -3.2, 0, 0.04, 5.52, 0.3, 1.4, 0, 2.2, 1.5, 153.5, 0, 0, 
29, eco1, 1, 457557, 59.9, 4917, 5436.7, 189, 50.9, 37.1, 100.4, 2.04, 261.2, 6.6, 158.2, 110.4, 2395.3, 434.6, 1639.5, 326.5, 19.5, 45.6, 18.6, 27.5, 667.7, 821.3, 2243.5, 1184.5, 3.3, 2, 6.3, 2.1, 4.3, 1.5, 0.1, 1.1, 0.1, 0.9, 5.9, 55.6, 36.8, 139.1, 0, -0.2, 0, 0.1, 0.8, 3.6, -3.3, 0.1, 0.05, 1.6, 0.41, 0.8, 0, 1, 0.3, 241.7, 0.03, 0, 
29, eco2, 2, 903912, -68.8, 4609.3, 12292.9, 395.5, 107.8, 80.4, 242.9, 0.36, 155.8, 6.4, 351.9, 245.3, 5425, 997.3, 2574.2, 532.8, 40.4, 84.7, 37.4, 50.4, 1019.1, 860.3, 2402, 327.9, 7.5, 4.8, 13.5, 4.9, 6.7, 2.5, 0.2, 2.2, 0.2, 1.8, 10.5, 40.6, 22.4, 37.8, 0.1, -0.4, 0.1, 0.3, 1.5, 2.5, -3.1, 0, 0.05, 3.14, 0.23, 10.5, 0.1, 1.1, 0.8, 116, 0.01, 0, 
29, eco3, 3, 540517, -266.7, 5584.3, 23103.3, 635.2, 177.6, 138.8, 432, 0.26, 226.1, 8, 641.5, 447.2, 10222.1, 1915.4, 3548.2, 780.3, 72.8, 145.5, 67.4, 83.6, 1357.2, 985.6, 2712, 529.5, 13.5, 8.7, 25.4, 9.2, 9.4, 3.6, 0.4, 3.8, 0.3, 3, 16.6, 43.6, 26.7, 61.6, 0.1, -0.6, 0.1, 0.5, 2.2, 2.4, -3, 0, 0.05, 5.17, 0.29, 4, 0, 2.1, 1.4, 156.3, 0, 0, 
30, eco1, 1, 457557, 53.9, 4897.4, 5503.3, 212, 56.7, 38, 108.2, 2.17, 261.4, 7.4, 160, 111.7, 2423.4, 438.9, 1563.3, 313.8, 19.1, 44.7, 17.5, 26.2, 655, 823.4, 2234.1, 1184.9, 3.3, 2.1, 6.4, 2.1, 4.1, 1.5, 0.1, 1.1, 0.1, 0.9, 5.9, 56, 36.5, 139.1, 0, -0.2, 0, 0.1, 0.9, 4, -3.7, 0.1, 0.05, 1.35, 0.37, 0.6, 0, 1.1, 0.4, 242, 0.04, 0, 
30, eco2, 2, 903912, -76.5, 4669.7, 12394.6, 427.2, 115.9, 81.6, 254, 0.38, 157.8, 7.1, 353.4, 246.4, 5466.6, 1003.7, 2509.7, 522.6, 39.5, 83.5, 36.1, 49, 1016.1, 878.4, 2446.4, 328.8, 7.5, 4.8, 13.7, 4.9, 6.6, 2.4, 0.2, 2.2, 0.2, 1.7, 10.6, 42, 22.9, 37.8, 0.1, -0.4, 0.1, 0.3, 1.6, 2.8, -3.5, 0, 0.05, 3.02, 0.22, 2, 0, 1.2, 0.8, 117.9, 0.01, 0, 
30, eco3, 3, 540517, -283.7, 5735.1, 23261.1, 691, 192.5, 137.6, 451, 0.25, 229.1, 8.8, 640.7, 446.6, 10296.3, 1930.8, 3575.3, 782, 70.2, 143, 65.5, 81.8, 1381.3, 1018, 2805.5, 530.3, 13.5, 8.7, 25.6, 9.3, 9.4, 3.6, 0.4, 3.7, 0.3, 3, 16.9, 45.6, 27.3, 61.6, 0.1, -0.6, 0.1, 0.5, 2.4, 2.7, -3.5, 0, 0.05, 5.38, 0.3, 0.9, 0, 2.2, 1.4, 159, 0, 0, 
31, eco1, 1, 457557, 32.7, 4883.9, 5241.7, 163, 44, 34.6, 93.9, 2.31, 261.2, 5.4, 148.2, 103.5, 2315.4, 419.7, 1602.6, 311.1, 20.5, 46.4, 19.4, 28.4, 644, 825.5, 2229.3, 1185.2, 3, 1.9, 6.1, 2, 4.2, 1.5, 0.1, 1.2, 0.1, 0.9, 5.9, 56.3, 36.5, 139.2, 0, -0.2, 0, 0.1, 0.6, 2.9, -2.7, 0, 0.05, 0.48, 0.21, 16.1, 0.1, 0.8, 0.3, 242.4, 0.04, 0, 
31, eco2, 2, 903912, -117.9, 4716.8, 12374.6, 372.1, 101.7, 78.5, 234.8, 0.39, 159.4, 5.5, 346.5, 241.7, 5469.7, 1004.2, 2539, 523.5, 44.1, 88.4, 39.6, 52.9, 1013.5, 892.7, 2481.1, 329.5, 7.4, 4.7, 13.7, 4.9, 6.6, 2.4, 0.2, 2.3, 0.2, 1.9, 10.6, 42.9, 23.3, 37.9, 0.1, -0.3, 0.1, 0.2, 1.2, 2.2, -2.6, 0, 0.05, 1.29, 0.13, 11.4, 0.1, 1.1, 0.8, 119.7, 0.01, 0, 
31, eco3, 3, 540517, -248.5, 5858.7, 23242.7, 574.2, 161.7, 131.5, 409.1, 0.22, 231.3, 7.3, 622.2, 433.9, 10307.5, 1934.9, 3659.8, 793.2, 76.6, 149.1, 70.4, 86.4, 1400.3, 1044.6, 2882.7, 531, 13.1, 8.4, 25.6, 9.3, 9.7, 3.6, 0.4, 3.8, 0.4, 3.1, 17.1, 47.1, 27.8, 61.6, 0.1, -0.5, 0.1, 0.4, 1.9, 2.3, -2.8, 0, 0.05, 2.27, 0.14, 8.1, 0.1, 2, 1.3, 161.6, 0, 0, 
32, eco1, 1, 457557, 74.4, 4873.2, 4869.7, 173.1, 46.5, 31.3, 95.1, 2.47, 260.8, 6.6, 136.9, 95.6, 2150.9, 391.8, 1643.5, 305.3, 18.4, 44, 18.4, 27.5, 635.6, 827.9, 2224.2, 1185.5, 2.8, 1.8, 5.7, 1.9, 4.4, 1.4, 0.1, 1.1, 0.1, 0.9, 5.8, 56.8, 36.4, 139.2, 0, -0.2, 0, 0.1, 0.8, 3.6, -3.4, 0.1, 0.05, 0.61, 0.27, 17.6, 0.1, 0.8, 0.3, 242.9, 0.04, 0, 
32, eco2, 2, 903912, -94.1, 4775.7, 12240.6, 398.2, 108.3, 77.1, 248, 0.41, 160.9, 6.4, 341, 237.7, 5411.4, 994.5, 2585.2, 522.3, 42.3, 87.9, 39, 52.8, 1014.8, 909.4, 2521.1, 330.3, 7.3, 4.6, 13.5, 4.8, 6.8, 2.4, 0.2, 2.3, 0.2, 1.9, 10.7, 44.2, 23.7, 37.9, 0.1, -0.4, 0.1, 0.3, 1.4, 2.6, -3.1, 0, 0.05, 1.72, 0.16, 12.3, 0.1, 1.1, 0.8, 121.5, 0.01, 0, 
32, eco3, 3, 540517, -277.8, 5996.2, 23339.5, 639.8, 179.3, 129.5, 444.8, 0.24, 234.3, 8.1, 619.8, 432, 10355.4, 1945.1, 3727, 803.1, 74.9, 148.8, 69.6, 85.8, 1424, 1073.8, 2966.7, 531.8, 13.1, 8.4, 25.7, 9.3, 9.8, 3.7, 0.4, 3.8, 0.4, 3.1, 17.4, 48.8, 28.4, 61.7, 0.1, -0.6, 0.1, 0.5, 2.1, 2.6, -3.2, 0, 0.05, 3.21, 0.19, 3, 0, 2, 1.3, 164.2, 0, 0, 
33, eco1, 1, 457557, 97.4, 4856.7, 4680.9, 174.7, 46.9, 31.8, 92.8, 2.66, 260.5, 7.3, 131.2, 91.6, 2067.3, 377.3, 1612.9, 294.8, 17.1, 41.3, 16.7, 25.4, 627.6, 828.3, 2214.9, 1185.9, 2.7, 1.7, 5.5, 1.8, 4.3, 1.4, 0.1, 1, 0.1, 0.8, 5.8, 57.2, 36.3, 139.2, 0, -0.2, 0, 0.1, 0.8, 4, -3.8, 0.1, 0.05, 1.89, 0.45, 10.9, 0.1, 0.8, 0.3, 243.2, 0.04, 0, 
33, eco2, 2, 903912, -93.8, 4833.6, 12337, 432.1, 116.9, 81.4, 256.8, 0.41, 162.9, 7.1, 343.1, 239.1, 5455.2, 1002.3, 2554.2, 515, 41.2, 86.8, 37.6, 51.5, 1017, 925.7, 2559.6, 331.3, 7.3, 4.7, 13.7, 4.9, 6.7, 2.4, 0.2, 2.2, 0.2, 1.8, 10.8, 45.5, 24.2, 38, 0.1, -0.4, 0.1, 0.3, 1.6, 2.9, -3.6, 0, 0.05, 3.86, 0.29, 2.5, 0, 1.2, 0.9, 123.3, 0.01, 0, 
33, eco3, 3, 540517, -288.3, 6137.4, 23531.6, 699.3, 194.9, 136.3, 458, 0.19, 237.4, 9.1, 622.8, 434.1, 10443, 1961.9, 3756.3, 806.6, 73.2, 147.1, 67.9, 84.4, 1446.5, 1104.2, 3054, 532.7, 13.2, 8.4, 25.9, 9.4, 9.9, 3.7, 0.4, 3.8, 0.3, 3.1, 17.7, 50.7, 29, 61.7, 0.1, -0.6, 0.1, 0.5, 2.4, 2.9, -3.8, 0, 0.05, 6.76, 0.37, 1.8, 0, 2.2, 1.4, 166.9, 0, 0, 
34, eco1, 1, 457557, 43.5, 4843, 4690.6, 169.4, 45.7, 30.5, 92.1, 2.71, 260.7, 6, 131.4, 91.7, 2071.9, 378.2, 1566.5, 287.3, 17.4, 41.3, 16.3, 24.8, 622.7, 827.7, 2206.4, 1186.2, 2.7, 1.7, 5.5, 1.8, 4.2, 1.3, 0.1, 1, 0.1, 0.8, 5.7, 57.5, 36.3, 139.2, 0, -0.2, 0, 0.1, 0.7, 3.3, -3.1, 0.1, 0.05, 1.27, 0.41, 1, 0, 0.7, 0.3, 243.5, 0.05, 0, 
34, eco2, 2, 903912, -140, 4887.9, 12527.7, 449.9, 121.4, 82.8, 266.8, 0.43, 165.1, 6.9, 350, 243.9, 5537.9, 1015.8, 2530.3, 511.4, 41.3, 87.5, 37.3, 51.5, 1018.9, 940.8, 2595.9, 332.2, 7.5, 4.8, 13.9, 5, 6.6, 2.4, 0.2, 2.2, 0.2, 1.8, 10.9, 46.6, 24.7, 38, 0.1, -0.4, 0.1, 0.3, 1.5, 2.9, -3.4, 0, 0.05, 2.85, 0.23, 1.5, 0, 1.2, 0.9, 125.1, 0.01, 0, 
34, eco3, 3, 540517, -284, 6281.8, 23740.9, 727.5, 202.7, 137.7, 477.5, 0.25, 240.9, 9.8, 630.2, 439.1, 10533.2, 1979.2, 3776.2, 808.6, 69.8, 143.3, 65.1, 81.5, 1466.6, 1135.1, 3146.4, 533.7, 13.4, 8.5, 26.2, 9.5, 10, 3.7, 0.4, 3.7, 0.3, 3, 17.8, 52.8, 29.7, 61.8, 0.1, -0.7, 0.1, 0.5, 2.6, 3.3, -4.2, 0, 0.05, 4.95, 0.28, 2.8, 0, 2.2, 1.4, 169.7, 0, 0, 
35, eco1, 1, 457557, 70.4, 4821.4, 4743.1, 174, 46.5, 31.9, 95.2, 2.92, 260.8, 6.9, 132.2, 92.3, 2089.4, 381, 1495.1, 277.1, 16.7, 40.1, 15.3, 23.6, 614.2, 825.9, 2194.7, 1186.6, 2.7, 1.7, 5.5, 1.8, 4, 1.3, 0.1, 1, 0.1, 0.8, 5.7, 57.7, 36.2, 139.2, 0, -0.2, 0, 0.1, 0.8, 3.9, -3.6, 0.1, 0.05, 0.96, 0.37, 0.3, 0, 0.8, 0.3, 243.8, 0.05, 0, 
35, eco2, 2, 903912, -91.5, 4942.3, 12565, 441.2, 118.9, 83.8, 265.5, 0.46, 167, 7.6, 349.6, 243.6, 5551.4, 1018, 2501.3, 505.3, 40, 86.5, 36.3, 50.7, 1018.7, 956.4, 2634, 333.1, 7.5, 4.7, 13.9, 5, 6.6, 2.3, 0.2, 2.2, 0.2, 1.8, 11, 47.9, 25.2, 38.1, 0.1, -0.4, 0.1, 0.3, 1.6, 3.2, -3.8, 0, 0.05, 2.19, 0.19, 2.5, 0, 1.3, 0.9, 127, 0.01, 0, 
35, eco3, 3, 540517, -222.2, 6419.5, 23740.1, 680, 189.7, 136, 459.3, 0.24, 243.7, 9.9, 625.3, 435.7, 10537.3, 1980.6, 3778.7, 810, 68.1, 141.2, 63.8, 80.1, 1483.2, 1165, 3236.6, 534.7, 13.2, 8.5, 26.2, 9.5, 10, 3.7, 0.4, 3.6, 0.3, 2.9, 18, 54.9, 30.5, 61.8, 0.1, -0.7, 0.1, 0.5, 2.6, 3.4, -4.4, 0, 0.05, 4, 0.24, 2.7, 0, 2.2, 1.4, 172.6, 0, 0, 
36, eco1, 1, 457557, 94.7, 4797.9, 4264.9, 160.4, 43.1, 28.3, 84.5, 3.14, 260.2, 7, 119.9, 83.7, 1883.6, 345.3, 1553.1, 272.3, 15.4, 37.8, 15.5, 23.6, 601.2, 824.7, 2185, 1186.9, 2.5, 1.5, 5, 1.6, 4.1, 1.3, 0.1, 0.9, 0.1, 0.8, 5.5, 58.1, 36.2, 139.3, 0, -0.2, 0, 0.1, 0.8, 3.9, -3.7, 0.1, 0.05, 0.77, 0.35, 26, 0.2, 0.8, 0.3, 244.1, 0.05, 0, 
36, eco2, 2, 903912, -92.1, 4991.1, 12392.9, 442.1, 119.1, 82.8, 262.8, 0.48, 168.6, 7.7, 345.4, 240.7, 5479, 1005.1, 2544.3, 502.3, 39.2, 85.2, 36.3, 50.8, 1013.8, 971.7, 2671.4, 334.1, 7.4, 4.7, 13.7, 4.9, 6.7, 2.3, 0.2, 2.2, 0.2, 1.8, 10.9, 49.3, 25.7, 38.1, 0.1, -0.4, 0.1, 0.3, 1.6, 3.3, -3.9, 0, 0.05, 1.98, 0.19, 23.6, 0.2, 1.3, 0.9, 128.9, 0.01, 0, 
36, eco3, 3, 540517, -235, 6551.6, 23883.9, 697.4, 194, 137.4, 464.5, 0.24, 246.8, 10.1, 626.1, 436.3, 10604.9, 1993.9, 3790.4, 809.4, 67.3, 139.2, 62.8, 78.9, 1497.5, 1193.7, 3324.7, 535.8, 13.3, 8.5, 26.3, 9.6, 10, 3.7, 0.3, 3.6, 0.3, 2.9, 18, 57, 31.3, 61.9, 0.1, -0.7, 0.1, 0.5, 2.6, 3.6, -4.6, 0, 0.05, 3.67, 0.22, 2.7, 0, 2.2, 1.4, 175.5, 0, 0, 
37, eco1, 1, 457557, 86.5, 4775.2, 4266.6, 166.4, 44.5, 28.7, 87.2, 3.4, 260.3, 7.2, 120.8, 84.3, 1884.7, 344.9, 1482.3, 261.6, 14.5, 36, 13.9, 21.6, 594.2, 821.7, 2172, 1187.3, 2.5, 1.6, 5, 1.6, 4, 1.2, 0.1, 0.9, 0.1, 0.7, 5.5, 58.3, 36.2, 139.3, 0, -0.2, 0, 0.1, 0.8, 4, -3.7, 0.1, 0.05, 1.15, 0.35, 1.1, 0, 0.8, 0.3, 244.4, 0.06, 0, 
37, eco2, 2, 903912, -107, 5041.9, 12527, 450.5, 121.2, 83.9, 271, 0.5, 170.7, 7.7, 349.5, 243.5, 5540.4, 1015.5, 2514.8, 497, 39.4, 85.1, 35.7, 50.3, 1016.1, 985.5, 2705.2, 335.2, 7.5, 4.7, 13.9, 5, 6.6, 2.3, 0.2, 2.2, 0.2, 1.8, 11, 50.5, 26.2, 38.2, 0.1, -0.4, 0.1, 0.3, 1.6, 3.4, -3.9, 0, 0.05, 2.59, 0.21, 0.4, 0, 1.3, 0.9, 130.7, 0.01, 0, 
37, eco3, 3, 540517, -232.2, 6675.5, 24076.8, 706.2, 197.1, 137, 476.5, 0.23, 250.2, 10.5, 630.7, 439.4, 10692.2, 2010.9, 3789.3, 808.9, 67.1, 137.3, 62.1, 77.8, 1508.2, 1221.1, 3409.3, 536.9, 13.4, 8.5, 26.6, 9.7, 10, 3.7, 0.3, 3.5, 0.3, 2.8, 18.1, 59.1, 32, 61.9, 0.1, -0.7, 0.1, 0.5, 2.7, 3.8, -4.9, 0, 0.05, 4.73, 0.27, 0, 0, 2.2, 1.4, 178.3, 0, 0, 
38, eco1, 1, 457557, 49.2, 4744.1, 4370.7, 195.2, 51.9, 31.1, 94.8, 3.72, 260.6, 7.4, 127.2, 88.8, 1926.7, 351.3, 1406.9, 251.7, 14.5, 35.4, 13.3, 20.8, 583.7, 817.2, 2155.5, 1187.7, 2.6, 1.6, 5.1, 1.7, 3.8, 1.2, 0.1, 0.9, 0.1, 0.7, 5.4, 58.3, 36.1, 139.3, 0, -0.2, 0, 0.1, 0.8, 4.3, -3.8, 0.1, 0.05, 0.84, 0.36, 1.2, 0, 0.9, 0.3, 244.6, 0.06, 0, 
38, eco2, 2, 903912, -119.3, 5091.7, 12412.6, 479.4, 128.9, 84.5, 279.6, 0.55, 172.5, 8.2, 349.5, 243.4, 5485.1, 1006.8, 2555.2, 495, 38.2, 83.8, 35.3, 50.1, 1014.9, 999.8, 2740.7, 336.2, 7.5, 4.7, 13.8, 4.9, 6.7, 2.3, 0.2, 2.2, 0.2, 1.7, 11, 51.9, 26.7, 38.3, 0.1, -0.4, 0.1, 0.3, 1.7, 3.6, -4.2, 0, 0.05, 1.93, 0.18, 18.3, 0.1, 1.3, 0.9, 132.6, 0.01, 0, 
38, eco3, 3, 540517, -309.8, 6798.8, 23745.4, 795.7, 221.3, 138.3, 502.2, 0.23, 253.1, 11, 632.9, 440.6, 10533.7, 1982.7, 3944.4, 819.1, 64.5, 134.2, 61.8, 77.7, 1510.9, 1251.1, 3498.9, 538.1, 13.4, 8.5, 26.2, 9.5, 10.4, 3.7, 0.3, 3.5, 0.3, 2.8, 17.9, 61.3, 32.9, 62, 0.1, -0.7, 0.1, 0.5, 2.7, 4.1, -5.2, 0, 0.05, 3.79, 0.23, 52.9, 0.4, 2.3, 1.5, 181.3, 0, 0, 
39, eco1, 1, 457557, 123, 4706.7, 4091.8, 170, 45.3, 28.8, 86.9, 4.19, 260.3, 8.5, 119.8, 83.5, 1803.1, 329.9, 1395.2, 242.2, 13, 32.9, 12.6, 19.9, 569.5, 812, 2137, 1188.1, 2.5, 1.5, 4.8, 1.6, 3.7, 1.1, 0.1, 0.8, 0.1, 0.7, 5.2, 58.5, 36.1, 139.4, 0, -0.2, 0, 0.1, 0.9, 4.9, -4.5, 0.1, 0.05, 0.48, 0.29, 12.3, 0.1, 0.8, 0.3, 245.1, 0.07, 0, 
39, eco2, 2, 903912, -6.8, 5143.8, 12090.5, 460.8, 123.4, 83.5, 271.3, 0.59, 174, 9.7, 342.8, 238.7, 5339.7, 979.8, 2568.6, 485.5, 34.6, 78, 32.6, 46.7, 1011.2, 1014.5, 2780.6, 337.5, 7.4, 4.6, 13.4, 4.8, 6.8, 2.2, 0.2, 2, 0.2, 1.6, 10.8, 53.6, 27.4, 38.3, 0.1, -0.5, 0.1, 0.3, 2, 4.4, -5.4, 0, 0.05, 1.83, 0.19, 27, 0.2, 1.3, 0.9, 134.8, 0.01, 0, 
39, eco3, 3, 540517, -113.4, 6934, 23279.8, 738.5, 205.1, 136.5, 475, 0.24, 255.5, 12.9, 623.7, 434, 10323.6, 1944.2, 3989.4, 810.9, 58.9, 124.7, 57.1, 72.5, 1513.8, 1282.4, 3598.3, 539.5, 13.2, 8.4, 25.7, 9.4, 10.5, 3.7, 0.3, 3.2, 0.3, 2.6, 17.6, 64.3, 33.9, 62.1, 0.2, -0.8, 0.1, 0.6, 3.1, 5, -6.9, 0, 0.05, 4.05, 0.24, 56.3, 0.4, 2.1, 1.4, 184.6, 0, 0, 
40, eco1, 1, 457557, 73.9, 4675.8, 4122.2, 157.1, 41.6, 29.6, 85.5, 4.36, 260.2, 6.9, 119.5, 83.4, 1815.9, 331.3, 1327.8, 233.7, 13.6, 33.2, 12.4, 19.6, 559.4, 807.3, 2120.7, 1188.4, 2.5, 1.5, 4.8, 1.6, 3.6, 1.1, 0.1, 0.8, 0.1, 0.6, 5.1, 58.6, 36.1, 139.4, 0, -0.2, 0, 0.1, 0.7, 4, -3.5, 0.1, 0.05, 1.01, 0.52, 0.6, 0, 0.7, 0.3, 245.1, 0.07, 0, 
40, eco2, 2, 903912, -90.1, 5186, 12195.3, 418, 112.3, 83.3, 263, 0.56, 175.7, 7.5, 341.8, 238.1, 5385.2, 986.5, 2534.2, 483.1, 38.1, 81.7, 34.2, 48.6, 1013.8, 1025.4, 2808.3, 338.5, 7.4, 4.6, 13.5, 4.8, 6.7, 2.2, 0.2, 2.1, 0.2, 1.7, 10.9, 54.7, 27.8, 38.4, 0.1, -0.4, 0.1, 0.2, 1.5, 3.4, -3.9, 0, 0.05, 2.95, 0.3, 1.8, 0, 1.3, 0.9, 136.5, 0.01, 0, 
40, eco3, 3, 540517, -189.5, 7043.2, 23304.5, 632.5, 177.6, 133.8, 449, 0.21, 258, 9.8, 614.3, 427.8, 10343.2, 1948.7, 4001.6, 816, 65.7, 131.2, 61.2, 76.2, 1529.4, 1305.5, 3667.7, 540.6, 13, 8.3, 25.7, 9.4, 10.6, 3.7, 0.3, 3.4, 0.3, 2.8, 17.6, 66, 34.5, 62.1, 0.1, -0.6, 0.1, 0.4, 2.3, 3.9, -4.7, 0, 0.05, 6, 0.37, 5.3, 0, 2.1, 1.4, 187.3, 0, 0, 
41, eco1, 1, 457557, 92.3, 4630.8, 4143, 184.1, 48.8, 31.1, 91.6, 5.01, 260.5, 8.5, 122.1, 85.2, 1825.6, 332.6, 1257, 222.6, 13.1, 32, 11.8, 18.8, 543.9, 800.1, 2097.9, 1188.8, 2.5, 1.6, 4.9, 1.6, 3.4, 1, 0.1, 0.8, 0.1, 0.6, 5, 58.5, 36, 139.4, 0, -0.2, 0, 0.1, 0.9, 5, -4.4, 0.1, 0.05, 0.29, 0.19, 2.1, 0, 0.9, 0.3, 245.5, 0.08, 0, 
41, eco2, 2, 903912, -74.5, 5229.6, 12352.5, 484.2, 129.5, 88, 282.7, 0.63, 178.1, 9.4, 349.7, 243.6, 5457.3, 998, 2472.4, 473.4, 36.7, 80.1, 32.8, 47.1, 1011.6, 1037.3, 2841, 339.8, 7.5, 4.7, 13.7, 4.9, 6.5, 2.1, 0.2, 2, 0.2, 1.6, 10.8, 56.2, 28.4, 38.5, 0.1, -0.4, 0.1, 0.3, 1.9, 4.4, -5.1, 0, 0.05, 1.32, 0.14, 3.9, 0, 1.5, 1, 138.5, 0.01, 0, 
41, eco3, 3, 540517, -169.5, 7167.7, 23567.5, 742.4, 207.4, 138.1, 480.3, 0.23, 261.7, 12.6, 625.4, 435.4, 10457.5, 1970, 3918.9, 805.9, 61.8, 127.2, 57.7, 72.5, 1541, 1331.8, 3752.9, 542, 13.2, 8.4, 26, 9.5, 10.4, 3.6, 0.3, 3.3, 0.3, 2.6, 17.6, 68.5, 35.4, 62.2, 0.2, -0.7, 0.1, 0.5, 2.9, 5.2, -6.6, 0, 0.05, 3.5, 0.21, 0, 0, 2.2, 1.5, 190.5, 0, 0, 
42, eco1, 1, 457557, 59.3, 4596.2, 4173.3, 148.9, 39.4, 29.6, 83.5, 5.11, 260.2, 6.5, 120.1, 83.8, 1840.7, 334.9, 1210.6, 216.2, 14, 33.1, 12.3, 19.5, 533, 794.9, 2079.2, 1189.1, 2.5, 1.6, 4.9, 1.6, 3.3, 1, 0.1, 0.8, 0.1, 0.6, 4.9, 58.4, 36, 139.4, 0, -0.1, 0, 0.1, 0.7, 3.8, -3.2, 0.1, 0.05, 1.17, 0.64, 0, 0, 0.7, 0.3, 245.4, 0.09, 0, 
42, eco2, 2, 903912, -69.5, 5267.5, 12343.6, 405.9, 109, 82.8, 259.4, 0.62, 179.5, 7.8, 343.2, 239, 5458.6, 999.6, 2474.4, 471.4, 38.3, 82.5, 34.2, 49, 1013.2, 1047.8, 2865.8, 340.8, 7.4, 4.6, 13.7, 4.9, 6.5, 2.1, 0.2, 2.1, 0.2, 1.7, 10.9, 57.2, 28.8, 38.5, 0.1, -0.4, 0.1, 0.2, 1.5, 3.7, -4.1, 0, 0.05, 3.04, 0.3, 1.8, 0, 1.4, 0.9, 140.2, 0.01, 0, 
42, eco3, 3, 540517, -122.6, 7265.6, 23608.9, 601, 168.4, 131.4, 437.9, 0.21, 264, 10.5, 613.9, 427.4, 10488.7, 1976.3, 3906.7, 806.3, 64.2, 130.1, 59.7, 74.4, 1549.7, 1354.1, 3818.6, 543.2, 13, 8.2, 26.1, 9.5, 10.3, 3.6, 0.3, 3.3, 0.3, 2.7, 17.6, 70.3, 36.1, 62.3, 0.1, -0.6, 0.1, 0.4, 2.4, 4.4, -5.3, 0, 0.05, 5.75, 0.35, 1.5, 0, 2.1, 1.4, 193.1, 0, 0, 
43, eco1, 1, 457557, 42, 4564.7, 4186.3, 146.2, 38.7, 29.6, 83.6, 5.45, 260.2, 6.1, 117.6, 82.1, 1850.3, 336.5, 1182.4, 211.9, 15.2, 34.8, 13.1, 20.6, 523.4, 790.2, 2061.8, 1189.4, 2.4, 1.5, 4.9, 1.6, 3.2, 1, 0.1, 0.9, 0.1, 0.7, 4.9, 58.2, 35.9, 139.4, 0, -0.1, 0, 0.1, 0.6, 3.5, -2.9, 0.1, 0.05, 0.69, 0.34, 0.2, 0, 0.7, 0.3, 245.6, 0.09, 0, 
43, eco2, 2, 903912, -66, 5300.6, 11791.7, 393.3, 105.7, 79.1, 247.7, 0.67, 180, 7.6, 324.1, 225.8, 5218.1, 955.5, 2612.8, 477.9, 39.8, 84.1, 36.9, 52, 1006.9, 1059.2, 2892.7, 341.8, 7, 4.4, 13.1, 4.7, 6.9, 2.2, 0.2, 2.2, 0.2, 1.8, 10.7, 58.2, 29.2, 38.6, 0.1, -0.4, 0.1, 0.2, 1.4, 3.6, -3.9, 0, 0.05, 2.1, 0.21, 44.3, 0.3, 1.3, 0.9, 141.8, 0.01, 0, 
43, eco3, 3, 540517, -153, 7357.4, 23522.7, 599.7, 168.6, 129.8, 431.1, 0.23, 266, 10.1, 600.4, 418.2, 10461.8, 1972, 3950.4, 812.3, 67.7, 134.4, 62.8, 77.5, 1555.9, 1375.8, 3881.4, 544.3, 12.7, 8.1, 26, 9.5, 10.4, 3.7, 0.3, 3.4, 0.3, 2.8, 17.7, 71.9, 36.7, 62.4, 0.1, -0.6, 0.1, 0.4, 2.3, 4.3, -4.9, 0, 0.05, 4.22, 0.26, 12.8, 0.1, 2.2, 1.3, 195.7, 0, 0, 
44, eco1, 1, 457557, 36.6, 4534.4, 4086.6, 153.9, 41, 27.9, 84.4, 5.64, 260, 6.2, 114, 79.6, 1806, 329.7, 1193.8, 209.3, 15.3, 35.3, 13.6, 21.4, 514.8, 785.6, 2044.3, 1189.6, 2.4, 1.5, 4.8, 1.6, 3.2, 0.9, 0.1, 0.9, 0.1, 0.7, 4.9, 58.1, 35.8, 139.5, 0, -0.1, 0, 0.1, 0.6, 3.6, -3, 0.1, 0.05, 0.94, 0.54, 2.9, 0, 0.7, 0.3, 245.6, 0.09, 0, 
44, eco2, 2, 903912, -105.4, 5347.7, 11866.3, 427.3, 114.5, 80.2, 259.6, 0.7, 181.8, 7.7, 326.6, 227.5, 5251.2, 961.1, 2602.5, 477.2, 40.5, 85.8, 36.6, 52.1, 1015.9, 1070, 2919.1, 342.8, 7, 4.4, 13.2, 4.7, 6.9, 2.2, 0.2, 2.2, 0.2, 1.8, 10.8, 59.2, 29.6, 38.7, 0.1, -0.4, 0.1, 0.2, 1.4, 3.6, -4, 0, 0.05, 2.32, 0.22, 2.8, 0, 1.4, 0.9, 143.4, 0.01, 0, 
44, eco3, 3, 540517, -223.8, 7455.4, 23630.7, 675.1, 189, 130.1, 458.1, 0.24, 269, 10.6, 603.7, 420.5, 10509.6, 1981.1, 3983.2, 818.8, 68.5, 136.4, 63.4, 78.3, 1566.2, 1398.3, 3945.5, 545.5, 12.8, 8.1, 26.1, 9.5, 10.5, 3.7, 0.4, 3.5, 0.3, 2.8, 17.7, 73.5, 37.3, 62.4, 0.1, -0.6, 0.1, 0.4, 2.3, 4.5, -5.2, 0, 0.05, 4.37, 0.27, 3.8, 0, 2.2, 1.3, 198.3, 0, 0, 
45, eco1, 1, 457557, 69.3, 4504.7, 3918.8, 141.9, 37.8, 26.6, 78.8, 5.84, 259.5, 6.6, 108, 75.4, 1731.7, 317, 1202.4, 205.6, 14, 34.1, 13, 20.8, 506.9, 781.1, 2026.8, 1189.9, 2.2, 1.4, 4.6, 1.5, 3.2, 0.9, 0.1, 0.9, 0.1, 0.7, 4.8, 58, 35.8, 139.5, 0, -0.2, 0, 0.1, 0.7, 3.8, -3.2, 0.1, 0.05, 0.98, 0.58, 5.8, 0, 0.7, 0.3, 245.5, 0.1, 0, 
45, eco2, 2, 903912, -34.8, 5397.8, 11563.3, 405.8, 108.9, 77.8, 249.6, 0.66, 182.7, 8.4, 315.9, 220, 5113.4, 938.5, 2645.1, 475.9, 37.7, 83.9, 35.2, 50.8, 1023.5, 1081.9, 2948.5, 343.9, 6.8, 4.3, 12.9, 4.6, 7, 2.1, 0.2, 2.1, 0.2, 1.8, 10.9, 60.4, 30.1, 38.7, 0.1, -0.4, 0.1, 0.3, 1.6, 4, -4.5, 0, 0.05, 2.78, 0.29, 14.4, 0.1, 1.4, 0.9, 145.1, 0.01, 0, 
45, eco3, 3, 540517, -141.9, 7559.3, 23783.1, 672.2, 188.4, 132.5, 458, 0.14, 271.7, 11.9, 605.2, 421.5, 10577.9, 1993.9, 3944.8, 815.2, 63.7, 132.9, 60.1, 75.3, 1576, 1422.5, 4013.9, 546.9, 12.8, 8.1, 26.3, 9.6, 10.4, 3.7, 0.3, 3.4, 0.3, 2.7, 17.8, 75.5, 38, 62.5, 0.1, -0.7, 0.1, 0.5, 2.6, 5.2, -6.1, 0, 0.05, 5.66, 0.35, 1.1, 0, 2.3, 1.4, 200.8, 0, 0, 
46, eco1, 1, 457557, 59.7, 4469.8, 3960.3, 150.8, 40.1, 26.6, 81.5, 6.03, 259.2, 6.9, 109.9, 76.7, 1750.8, 320.1, 1154.2, 199.6, 13.3, 32.8, 12.1, 19.5, 498.6, 774.9, 2006.1, 1190.2, 2.3, 1.4, 4.7, 1.5, 3.1, 0.9, 0.1, 0.8, 0.1, 0.6, 4.8, 57.7, 35.6, 139.5, 0, -0.2, 0, 0.1, 0.7, 4, -3.2, 0.1, 0.05, 1.06, 0.71, 0.2, 0, 0.7, 0.3, 245.3, 0.1, 0, 
46, eco2, 2, 903912, -28.5, 5440.6, 11655.1, 427.7, 114.5, 78.5, 258.1, 0.7, 184.5, 9.2, 321, 223.5, 5157.3, 945.6, 2576.1, 467.4, 35.4, 80.2, 32.6, 47.5, 1027.9, 1091.8, 2975.8, 345.1, 6.9, 4.3, 13, 4.6, 6.8, 2.1, 0.2, 2.1, 0.2, 1.6, 10.9, 61.7, 30.6, 38.8, 0.1, -0.4, 0.1, 0.3, 1.7, 4.5, -5, 0, 0.05, 2.75, 0.28, 2.9, 0, 1.4, 0.9, 146.7, 0.01, 0, 
46, eco3, 3, 540517, -136.1, 7650.8, 23954.7, 681.8, 190.3, 131.3, 466.4, 0.2, 275, 12.5, 610.7, 425.2, 10655, 2008.2, 3902.7, 810.4, 61.4, 129, 57.7, 72.6, 1578.5, 1444.7, 4079.3, 548.3, 12.9, 8.2, 26.5, 9.7, 10.3, 3.7, 0.3, 3.3, 0.3, 2.6, 17.8, 77.7, 38.8, 62.6, 0.1, -0.7, 0.1, 0.5, 2.7, 5.5, -6.7, 0, 0.05, 5.17, 0.32, 0, 0, 2, 1.3, 203.7, 0, 0, 
47, eco1, 1, 457557, 24.7, 4438.8, 4015.6, 154.2, 40.9, 27.6, 83.6, 6.34, 259.2, 6.1, 112.1, 78.2, 1775.5, 323.6, 1124, 196.3, 13.9, 33.3, 12.3, 19.6, 490.8, 769.5, 1988.1, 1190.4, 2.3, 1.5, 4.8, 1.5, 3, 0.9, 0.1, 0.8, 0.1, 0.6, 4.7, 57.5, 35.6, 139.5, 0, -0.1, 0, 0.1, 0.6, 3.5, -2.8, 0.1, 0.05, 0.5, 0.45, 0.9, 0, 0.7, 0.3, 245.2, 0.1, 0, 
47, eco2, 2, 903912, -100.2, 5476.1, 11762.3, 427, 114.5, 79.7, 258.4, 0.71, 186.3, 8.1, 324.2, 225.7, 5204.5, 953.4, 2557.8, 466.7, 37.8, 82.4, 33.8, 48.8, 1030.9, 1100.1, 2998.9, 346.1, 7, 4.4, 13.1, 4.7, 6.8, 2.1, 0.2, 2.1, 0.2, 1.7, 10.9, 62.6, 31, 38.9, 0.1, -0.4, 0.1, 0.2, 1.5, 4, -4.2, 0, 0.05, 1.8, 0.21, 1.7, 0, 1.5, 0.9, 148.2, 0.01, 0, 
47, eco3, 3, 540517, -233.2, 7733.1, 24145.1, 691.5, 194, 133.1, 471.8, 0.18, 278.1, 11.2, 616.5, 429.2, 10738.7, 2023.8, 3924.2, 817.2, 65.5, 132.9, 60.4, 75.3, 1582.5, 1464.6, 4136.4, 549.6, 13.1, 8.3, 26.7, 9.7, 10.4, 3.7, 0.3, 3.4, 0.3, 2.7, 17.9, 79.3, 39.4, 62.7, 0.1, -0.6, 0.1, 0.4, 2.4, 5.1, -5.7, 0, 0.05, 3.7, 0.24, 0, 0, 2.3, 1.4, 206.2, 0, 0, 
48, eco1, 1, 457557, 33, 4410.2, 4021, 136.1, 36.1, 27.5, 79.1, 6.66, 259, 5.7, 109.9, 76.7, 1780.6, 324, 1105.3, 193.7, 14.8, 34.3, 12.9, 20.4, 483.7, 764.4, 1971.4, 1190.6, 2.3, 1.4, 4.8, 1.5, 3, 0.9, 0.1, 0.8, 0.1, 0.7, 4.7, 57.2, 35.5, 139.5, 0, -0.1, 0, 0, 0.6, 3.3, -2.6, 0.1, 0.05, 0.38, 0.42, 1.6, 0, 0.7, 0.3, 245.2, 0.11, 0, 
48, eco2, 2, 903912, -53.6, 5509.9, 11764, 380.5, 102.3, 78, 245.2, 0.78, 187.6, 7.9, 318.7, 221.9, 5212.1, 955.3, 2548.3, 465.8, 39.6, 84.5, 35.1, 50.2, 1033.4, 1108.3, 3020.9, 347.2, 6.9, 4.3, 13.1, 4.7, 6.7, 2.1, 0.2, 2.1, 0.2, 1.7, 11, 63.4, 31.4, 39, 0.1, -0.4, 0.1, 0.2, 1.4, 3.9, -4.1, 0, 0.05, 1.28, 0.17, 2.3, 0, 1.4, 0.9, 149.7, 0.01, 0, 
48, eco3, 3, 540517, -130.9, 7814.2, 24208.6, 606.4, 170.7, 130.6, 448.1, 0.24, 280.5, 11.2, 607.7, 423.3, 10778.1, 2031.4, 3929.7, 821, 67.9, 135.7, 62.3, 77.2, 1586.9, 1484.2, 4192.2, 550.9, 12.8, 8.1, 26.8, 9.8, 10.4, 3.7, 0.3, 3.5, 0.3, 2.8, 17.9, 80.9, 40.1, 62.8, 0.1, -0.6, 0.1, 0.4, 2.4, 5.1, -5.7, 0, 0.05, 2.75, 0.19, 0, 0, 2.2, 1.4, 208.8, 0, 0, 
49, eco1, 1, 457557, 21.1, 4377.4, 4066.3, 166.4, 43.8, 28.6, 88.7, 6.92, 258.9, 6.5, 112.5, 78.5, 1798.7, 326, 1082.6, 190.5, 14.4, 34, 12.5, 20.1, 475.7, 758.7, 1952.1, 1190.8, 2.4, 1.5, 4.8, 1.5, 2.9, 0.8, 0.1, 0.8, 0.1, 0.7, 4.7, 56.8, 35.3, 139.5, 0, -0.2, 0, 0.1, 0.6, 3.8, -2.9, 0.1, 0.05, 0.65, 0.58, 2.5, 0, 0.8, 0.3, 244.9, 0.12, 0, 
49, eco2, 2, 903912, -49, 5547.5, 11590.6, 423.9, 113.9, 76.9, 256, 0.82, 188.8, 9, 314.4, 218.9, 5133.2, 943.6, 2576.2, 464.2, 37.8, 82.4, 34.3, 49.4, 1036.1, 1117.7, 3045.4, 348.4, 6.8, 4.2, 12.9, 4.6, 6.8, 2.1, 0.2, 2.1, 0.2, 1.7, 11, 64.5, 31.8, 39, 0.1, -0.4, 0.1, 0.2, 1.6, 4.5, -4.9, 0, 0.05, 2.11, 0.24, 7.7, 0.1, 1.4, 0.9, 151.4, 0.01, 0, 
49, eco3, 3, 540517, -217.7, 7899, 24419.1, 735.6, 205.6, 134.9, 493.8, 0.23, 283.9, 12.6, 619.7, 431.4, 10864.3, 2047.3, 3936, 823.4, 66.3, 134.4, 61, 76.2, 1589.9, 1505.4, 4251.4, 552.3, 13.1, 8.3, 27, 9.8, 10.5, 3.7, 0.3, 3.4, 0.3, 2.7, 18, 82.8, 40.8, 62.9, 0.1, -0.7, 0.1, 0.5, 2.6, 5.8, -6.7, 0, 0.05, 4.23, 0.27, 1.3, 0, 2.3, 1.4, 211.5, 0, 0, 
50, eco1, 1, 457557, 34.8, 4353.8, 3988.4, 120.5, 31.7, 26.8, 75.1, 6.98, 258.3, 5.2, 105.8, 73.8, 1764.3, 319.9, 1085, 189.5, 15.5, 35.6, 13.4, 21.4, 471.1, 754.6, 1937.2, 1191, 2.2, 1.4, 4.7, 1.5, 2.9, 0.8, 0.1, 0.9, 0.1, 0.7, 4.7, 56.5, 35.2, 139.5, 0, -0.1, 0, 0, 0.5, 3, -2.3, 0, 0.05, 0.87, 0.67, 1.1, 0, 0.6, 0.3, 244.7, 0.12, 0, 
50, eco2, 2, 903912, -20.6, 5576.4, 11439.6, 343.6, 92.6, 73.2, 225.3, 0.83, 189.6, 7.7, 302.9, 210.9, 5075, 934.1, 2582.3, 464.2, 40.1, 84.2, 35.9, 50.7, 1037.3, 1125.1, 3064.6, 349.4, 6.5, 4.1, 12.8, 4.6, 6.8, 2.1, 0.2, 2.1, 0.2, 1.8, 11, 65.3, 32.2, 39.1, 0.1, -0.3, 0.1, 0.2, 1.4, 3.8, -4.1, 0, 0.05, 2.38, 0.27, 7.2, 0.1, 1.4, 0.8, 152.7, 0.01, 0, 
50, eco3, 3, 540517, -59.9, 7971.8, 23980.9, 548.8, 154.5, 126.7, 422.4, 0.25, 285.1, 11.2, 590.6, 411.3, 10687.8, 2016.8, 4033.3, 830.1, 69.5, 137.1, 64.5, 79.6, 1590.6, 1524.8, 4302.7, 553.6, 12.4, 7.9, 26.6, 9.7, 10.7, 3.7, 0.4, 3.5, 0.3, 2.9, 17.9, 84.5, 41.4, 62.9, 0.1, -0.6, 0.1, 0.4, 2.3, 5.2, -5.9, 0, 0.05, 4.61, 0.3, 21.9, 0.2, 2.1, 1.3, 214, 0, 0, 
51, eco1, 1, 457557, 39.6, 4323, 4038.2, 149.4, 39.3, 27.9, 84.2, 7.29, 258.1, 6.5, 107.6, 75.1, 1791, 324.1, 1050.9, 185.4, 14.5, 34.6, 12.5, 20.5, 464.9, 748.9, 1918, 1191.2, 2.2, 1.4, 4.8, 1.5, 2.9, 0.8, 0.1, 0.9, 0.1, 0.7, 4.7, 56.2, 35.1, 139.5, 0, -0.2, 0, 0.1, 0.6, 3.7, -2.8, 0.1, 0.05, 0.76, 0.64, 0, 0, 0.7, 0.3, 244.4, 0.12, 0, 
51, eco2, 2, 903912, 17.9, 5605.6, 11337.3, 356, 96.1, 71.7, 233.5, 0.87, 190.7, 8.8, 295.9, 206.2, 5033.8, 928, 2558.1, 459.9, 37.9, 81.4, 34.2, 48.6, 1037.1, 1132.8, 3085.1, 350.5, 6.3, 4, 12.7, 4.5, 6.8, 2.1, 0.2, 2.1, 0.2, 1.7, 11, 66.5, 32.6, 39.2, 0.1, -0.4, 0.1, 0.2, 1.6, 4.4, -4.9, 0, 0.05, 2.47, 0.28, 7, 0.1, 1.3, 0.8, 154.2, 0.01, 0, 
51, eco3, 3, 540517, -85.6, 8052.6, 24021.9, 607.1, 170.2, 127.3, 451.5, 0.28, 287.7, 12.2, 584.3, 407.1, 10713.7, 2021.9, 4016.5, 829.9, 68.4, 136, 63, 78, 1597.6, 1544.4, 4355.6, 555.1, 12.3, 7.8, 26.7, 9.7, 10.6, 3.7, 0.4, 3.5, 0.3, 2.8, 18, 86.5, 42.1, 63, 0.1, -0.7, 0.1, 0.4, 2.5, 5.7, -6.8, 0, 0.05, 5.19, 0.34, 0, 0, 1.9, 1.3, 216.8, 0, 0, 
