SimulationYear,DayOfYear,AttemptedNumberIgnitions,ActualNumberIgnitions,FireWeatherIndex,IgnitionType,
1, 15, 1, 1, 3.63725820203692, Lightning, 
1, 106, 1, 1, 10.2129845391781, Rx, 
1, 109, 1, 1, 9.31040972673972, Lightning, 
1, 121, 1, 1, 11.3742115103565, Lightning, 
1, 128, 1, 1, 10.2826783726247, Rx, 
1, 139, 1, 1, 12.4306325561954, Rx, 
1, 145, 1, 1, 10.7471523182047, Rx, 
1, 146, 1, 1, 10.1675489573228, Rx, 
1, 147, 1, 1, 10.0262142810752, Rx, 
1, 152, 1, 1, 12.2988759110138, Rx, 
1, 153, 1, 1, 16.9069284348508, Rx, 
1, 154, 1, 1, 15.3567061887539, Rx, 
1, 155, 1, 1, 13.4498933676688, Rx, 
1, 156, 1, 1, 16.8198940605679, Rx, 
1, 160, 1, 1, 15.3502338501755, Rx, 
1, 161, 1, 1, 15.6476562347741, Rx, 
1, 162, 1, 1, 16.3593286153989, Lightning, 
1, 162, 1, 1, 16.3593286153989, Rx, 
1, 171, 1, 1, 22.8857854775685, Rx, 
1, 198, 1, 1, 24.0906660104788, Accidental, 
1, 212, 1, 1, 25.1229784249646, Lightning, 
1, 220, 1, 1, 23.950333221891, Accidental, 
1, 293, 1, 1, 19.5851636143014, Accidental, 
2, 133, 1, 1, 10.3976647068115, Rx, 
2, 134, 1, 1, 11.2754690290014, Rx, 
2, 135, 1, 1, 10.0257613113034, Rx, 
2, 137, 1, 1, 11.7322617031485, Rx, 
2, 140, 1, 1, 11.3546259304096, Rx, 
2, 141, 1, 1, 12.4141827927761, Rx, 
2, 143, 1, 1, 11.2039622439217, Rx, 
2, 144, 1, 1, 13.570846667892, Rx, 
2, 145, 1, 1, 13.4875163900977, Rx, 
2, 146, 1, 1, 14.1456067441153, Rx, 
2, 147, 1, 1, 14.1993902828457, Rx, 
2, 148, 1, 1, 14.4586445916039, Rx, 
2, 149, 1, 1, 14.6542643458521, Rx, 
2, 151, 1, 1, 12.8577210572597, Rx, 
2, 154, 1, 1, 14.8902225375084, Rx, 
2, 173, 1, 1, 28.3961050030485, Lightning, 
2, 277, 1, 1, 24.8523545981935, Accidental, 
2, 300, 1, 1, 14.2320620313869, Lightning, 
2, 305, 1, 1, 16.150557712082, Lightning, 
2, 310, 1, 1, 7.42785300994962, Lightning, 
3, 142, 1, 1, 10.8239519929091, Rx, 
3, 144, 1, 1, 10.2200542146501, Rx, 
3, 145, 1, 1, 11.1833601004908, Rx, 
3, 146, 1, 1, 12.7408207878838, Rx, 
3, 153, 1, 1, 16.6864782721004, Rx, 
3, 154, 1, 1, 13.6712799279404, Rx, 
3, 155, 1, 1, 18.100182314821, Rx, 
3, 156, 1, 1, 18.1110000234546, Rx, 
3, 159, 1, 1, 15.1258440735749, Rx, 
3, 160, 1, 1, 17.4178311190799, Rx, 
3, 161, 1, 1, 15.5260536410529, Rx, 
3, 162, 1, 1, 16.2211682450363, Rx, 
3, 167, 1, 1, 19.7311951805975, Rx, 
3, 168, 1, 1, 17.0213552476276, Rx, 
3, 175, 1, 1, 18.9850606523629, Rx, 
3, 198, 1, 1, 26.4622551972493, Lightning, 
3, 211, 1, 1, 33.1914192913128, Accidental, 
3, 224, 1, 1, 28.9589563112129, Lightning, 
3, 252, 1, 1, 25.3223187072414, Accidental, 
3, 253, 1, 1, 30.290206623991, Accidental, 
3, 275, 1, 1, 25.1737347581733, Accidental, 
3, 280, 1, 1, 18.6948119122838, Accidental, 
4, 15, 1, 1, 5.49865181902848, Lightning, 
4, 17, 1, 1, 4.17698568911881, Lightning, 
4, 116, 1, 1, 10.4413578736016, Rx, 
4, 120, 1, 1, 10.4159816043507, Accidental, 
4, 120, 1, 1, 10.4159816043507, Rx, 
4, 122, 1, 1, 11.7633508574315, Rx, 
4, 123, 1, 1, 12.8869736751845, Rx, 
4, 126, 1, 1, 13.9549236829188, Rx, 
4, 127, 1, 1, 14.1467614856255, Rx, 
4, 128, 1, 1, 13.120955215634, Rx, 
4, 129, 1, 1, 10.6856147730924, Rx, 
4, 130, 1, 1, 11.0668211685159, Rx, 
4, 131, 1, 1, 12.3168396697552, Rx, 
4, 133, 1, 1, 15.0613612365788, Rx, 
4, 137, 1, 1, 14.8632558630906, Rx, 
4, 138, 1, 1, 16.0934554518486, Rx, 
4, 139, 1, 1, 18.0569604180865, Rx, 
4, 143, 1, 1, 20.6990118147871, Rx, 
4, 150, 1, 1, 23.4663475388817, Lightning, 
4, 163, 1, 1, 13.4746599288924, Lightning, 
4, 185, 1, 1, 33.183651705944, Lightning, 
4, 188, 1, 1, 44.4701467074137, Lightning, 
4, 239, 1, 1, 26.0519698141431, Accidental, 
5, 125, 1, 1, 3.79942955857377, Accidental, 
5, 134, 1, 1, 11.8150586091346, Rx, 
5, 135, 1, 1, 11.9958703853834, Rx, 
5, 142, 1, 1, 13.3064031784985, Lightning, 
5, 143, 1, 1, 11.2535009436235, Rx, 
5, 145, 1, 1, 10.5895700579387, Rx, 
5, 147, 1, 1, 19.0354684971277, Lightning, 
5, 151, 1, 1, 17.189769577221, Accidental, 
5, 167, 1, 1, 18.6951991180308, Lightning, 
5, 172, 1, 1, 15.4496045340798, Rx, 
5, 173, 1, 1, 14.5860164451661, Rx, 
5, 174, 1, 1, 16.6301782273548, Rx, 
5, 175, 1, 1, 16.4187694806139, Rx, 
5, 176, 1, 1, 16.5749817270149, Rx, 
5, 177, 1, 1, 16.463837251893, Rx, 
5, 179, 1, 1, 25.8499051904251, Lightning, 
5, 180, 1, 1, 22.846879252026, Rx, 
5, 181, 1, 1, 23.2962721965845, Rx, 
5, 195, 1, 1, 20.7302746236501, Rx, 
5, 196, 1, 1, 23.457420695112, Lightning, 
5, 196, 1, 1, 23.457420695112, Rx, 
5, 200, 1, 1, 22.2017464670146, Rx, 
5, 220, 1, 1, 26.3124860962098, Lightning, 
5, 229, 1, 1, 36.1800036425282, Accidental, 
5, 233, 1, 1, 25.6096530199858, Lightning, 
5, 234, 1, 1, 29.1072822243515, Accidental, 
5, 239, 1, 1, 32.1172648998713, Accidental, 
5, 242, 1, 1, 32.5776816789072, Accidental, 
5, 246, 1, 1, 27.4612942233398, Accidental, 
5, 275, 1, 1, 57.7341468608675, Lightning, 
5, 294, 1, 1, 50.5562992674604, Lightning, 
6, 6, 1, 1, 1.51696479650334, Accidental, 
6, 15, 1, 1, 5.95237612133983, Accidental, 
6, 53, 1, 1, 1.72606008170896, Accidental, 
6, 78, 1, 1, 11.1403035549146, Accidental, 
6, 78, 1, 1, 11.1403035549146, Lightning, 
6, 84, 1, 1, 10.4802614529377, Rx, 
6, 85, 1, 1, 10.6567077970468, Rx, 
6, 115, 1, 1, 10.5570314493494, Rx, 
6, 134, 1, 1, 14.8540659933403, Rx, 
6, 135, 1, 1, 14.3164552747462, Rx, 
6, 137, 1, 1, 13.6824255000908, Rx, 
6, 138, 1, 1, 17.1525464306433, Rx, 
6, 140, 1, 1, 17.1539889365384, Rx, 
6, 146, 1, 1, 16.3859730275108, Rx, 
6, 147, 1, 1, 16.4321496391628, Rx, 
6, 156, 1, 1, 19.2762169655719, Accidental, 
6, 159, 1, 1, 16.3189313536626, Rx, 
6, 160, 1, 1, 15.4718469914548, Rx, 
6, 161, 1, 1, 19.0546061396368, Rx, 
6, 164, 1, 1, 17.3024261245836, Rx, 
6, 165, 1, 1, 18.0076917944756, Rx, 
6, 200, 1, 1, 30.7958283259506, Lightning, 
6, 210, 1, 1, 34.511410323312, Accidental, 
6, 213, 1, 1, 30.5342387702747, Lightning, 
6, 218, 1, 1, 32.482106868873, Lightning, 
6, 232, 1, 1, 37.1007092383524, Accidental, 
6, 239, 1, 1, 28.6687055906565, Accidental, 
6, 260, 1, 1, 36.5241810847764, Accidental, 
6, 267, 1, 1, 34.9963983672007, Accidental, 
6, 268, 1, 1, 34.6863442495931, Lightning, 
6, 273, 1, 1, 44.6989423016289, Accidental, 
6, 359, 1, 1, 2.75424064626315, Lightning, 
7, 52, 1, 1, 7.67908449719111, Lightning, 
7, 123, 1, 1, 10.3641257827156, Rx, 
7, 125, 1, 1, 10.6213370450201, Rx, 
7, 126, 1, 1, 11.9942550056994, Rx, 
7, 128, 1, 1, 12.5343098272099, Rx, 
7, 135, 1, 1, 10.438785766182, Rx, 
7, 136, 1, 1, 10.7017095759966, Rx, 
7, 137, 1, 1, 10.6047795203085, Rx, 
7, 138, 1, 1, 14.7161960536924, Rx, 
7, 139, 1, 1, 12.4684530919079, Rx, 
7, 140, 1, 1, 14.3141452099957, Rx, 
7, 141, 1, 1, 13.109157595327, Rx, 
7, 142, 1, 1, 14.7133563798014, Rx, 
7, 145, 1, 1, 14.8198430396521, Rx, 
7, 146, 1, 1, 14.9876449639342, Rx, 
7, 149, 1, 1, 15.1890451705741, Rx, 
7, 164, 1, 1, 29.830064428064, Lightning, 
7, 201, 1, 1, 40.5399774155875, Accidental, 
7, 207, 1, 1, 44.6931323162183, Accidental, 
7, 214, 1, 1, 35.5620945294768, Lightning, 
7, 216, 1, 1, 38.6096101847198, Lightning, 
7, 225, 1, 1, 28.4374028568718, Lightning, 
7, 227, 1, 1, 27.2150430391081, Lightning, 
7, 237, 1, 1, 23.7974845768467, Accidental, 
7, 255, 1, 1, 25.34808057339, Lightning, 
7, 320, 1, 1, 4.45245218259107, Accidental, 
8, 112, 1, 1, 13.3642925496453, Rx, 
8, 113, 1, 1, 10.97339012789, Rx, 
8, 135, 1, 1, 11.2048603393565, Rx, 
8, 138, 1, 1, 12.0086550776537, Rx, 
8, 143, 1, 1, 11.9980262686204, Rx, 
8, 144, 1, 1, 11.5410857369807, Rx, 
8, 145, 1, 1, 12.0103446450698, Rx, 
8, 148, 1, 1, 13.0514272691274, Rx, 
8, 150, 1, 1, 14.4638087328375, Rx, 
8, 151, 1, 1, 13.5388595814572, Rx, 
8, 152, 1, 1, 13.5833364243096, Rx, 
8, 153, 1, 1, 13.3930602588855, Rx, 
8, 154, 1, 1, 12.9793446950402, Rx, 
8, 155, 1, 1, 13.5603301035334, Rx, 
8, 156, 1, 1, 12.3365235857884, Rx, 
8, 160, 1, 1, 24.4504869826875, Lightning, 
8, 175, 1, 1, 21.4681602541819, Lightning, 
8, 203, 1, 1, 31.4892241011394, Accidental, 
8, 241, 1, 1, 25.2535024008606, Accidental, 
8, 295, 1, 1, 17.3236470604844, Accidental, 
8, 306, 1, 1, 17.1095025730988, Accidental, 
8, 310, 1, 1, 13.6243297882077, Accidental, 
9, 76, 1, 1, 9.517109556, Lightning, 
9, 98, 1, 1, 7.68425470832976, Lightning, 
9, 118, 1, 1, 10.5405629065804, Rx, 
9, 119, 1, 1, 11.9941724336428, Rx, 
9, 123, 1, 1, 10.8653916341041, Rx, 
9, 129, 1, 1, 20.1520368959663, Lightning, 
9, 131, 1, 1, 13.1081508712773, Rx, 
9, 146, 1, 1, 22.8221509102753, Lightning, 
9, 150, 1, 1, 17.0069182741096, Rx, 
9, 152, 1, 1, 15.5382804489418, Rx, 
9, 158, 1, 1, 29.9633861424263, Accidental, 
9, 173, 1, 1, 28.4397835277658, Rx, 
9, 174, 1, 1, 26.8218254554156, Rx, 
9, 175, 1, 1, 23.8581675801888, Rx, 
9, 181, 1, 1, 24.4381447731184, Rx, 
9, 189, 1, 1, 25.2493673743966, Rx, 
9, 194, 1, 1, 24.7000780344161, Rx, 
9, 202, 1, 1, 26.6984739077529, Rx, 
9, 204, 1, 1, 24.6122892898744, Rx, 
9, 205, 1, 1, 24.8686922802471, Rx, 
9, 229, 1, 1, 35.4916383043251, Accidental, 
9, 246, 1, 1, 33.2624941693586, Lightning, 
9, 260, 1, 1, 24.7941521108314, Lightning, 
9, 349, 1, 1, 3.09908517899556, Lightning, 
9, 362, 1, 1, 0, Lightning, 
10, 51, 1, 1, 6.25763687772126, Lightning, 
10, 100, 1, 1, 5.77995909488341, Accidental, 
10, 135, 1, 1, 10.6955439341485, Rx, 
10, 136, 1, 1, 10.1360565917183, Rx, 
10, 144, 1, 1, 12.6618094406126, Rx, 
10, 146, 1, 1, 13.5041522465582, Rx, 
10, 147, 1, 1, 13.1522881055922, Rx, 
10, 148, 1, 1, 12.4705811780536, Rx, 
10, 149, 1, 1, 12.8123713896626, Rx, 
10, 151, 1, 1, 13.9483211709313, Lightning, 
10, 151, 1, 1, 13.9483211709313, Rx, 
10, 152, 1, 1, 13.5951701976564, Rx, 
10, 154, 1, 1, 11.2301796155923, Rx, 
10, 155, 1, 1, 10.6827304405391, Rx, 
10, 156, 1, 1, 10.3373124365667, Rx, 
10, 157, 1, 1, 10.0877655162513, Rx, 
10, 158, 1, 1, 12.1831796209566, Rx, 
10, 159, 1, 1, 12.5111019449917, Rx, 
10, 231, 1, 1, 37.158188826879, Accidental, 
10, 254, 1, 1, 23.5089416946044, Lightning, 
10, 274, 1, 1, 36.4386272412413, Lightning, 
10, 275, 1, 1, 25.8861720959872, Lightning, 
11, 46, 1, 1, 2.02223504005852, Lightning, 
11, 108, 1, 1, 6.06796797414182, Accidental, 
11, 109, 1, 1, 5.08104256779573, Lightning, 
11, 127, 1, 1, 12.0026435784216, Rx, 
11, 139, 1, 1, 10.6541265297821, Rx, 
11, 140, 1, 1, 13.038000581814, Rx, 
11, 141, 1, 1, 13.3025093551356, Rx, 
11, 144, 1, 1, 11.4084367880256, Rx, 
11, 145, 1, 1, 11.8738078610691, Rx, 
11, 162, 1, 1, 20.0813550727797, Lightning, 
11, 162, 1, 1, 20.0813550727797, Rx, 
11, 170, 1, 1, 19.6649256503555, Rx, 
11, 171, 1, 1, 22.415607489992, Rx, 
11, 173, 1, 1, 39.5394386404203, Lightning, 
11, 189, 1, 1, 25.9701157278803, Rx, 
11, 190, 1, 1, 26.9906012134964, Rx, 
11, 195, 1, 1, 28.3333460642575, Lightning, 
11, 196, 1, 1, 22.492056297762, Rx, 
11, 197, 1, 1, 21.3233834710118, Rx, 
11, 198, 1, 1, 24.7696421049121, Rx, 
11, 199, 1, 1, 28.038470533188, Rx, 
11, 206, 1, 1, 35.9511110138855, Lightning, 
11, 233, 1, 1, 44.7865478375694, Accidental, 
11, 233, 1, 1, 44.7865478375694, Lightning, 
11, 234, 1, 1, 50.3710391057251, Lightning, 
11, 262, 1, 1, 30.4708629137024, Lightning, 
12, 145, 1, 1, 13.6907881203963, Rx, 
12, 146, 1, 1, 12.7785948823251, Rx, 
12, 147, 1, 1, 12.7428670335855, Rx, 
12, 154, 1, 1, 16.9759239563019, Accidental, 
12, 163, 1, 1, 18.9292881097271, Rx, 
12, 164, 1, 1, 17.1571546202613, Rx, 
12, 165, 1, 1, 17.5718699188698, Rx, 
12, 166, 1, 1, 19.8199542743579, Rx, 
12, 167, 1, 1, 17.26720152636, Rx, 
12, 168, 1, 1, 21.1200644157073, Rx, 
12, 169, 1, 1, 21.7901382378848, Lightning, 
12, 171, 1, 1, 37.6227876473266, Lightning, 
12, 172, 1, 1, 39.9739689177658, Accidental, 
12, 175, 1, 1, 36.656333355346, Lightning, 
12, 179, 1, 1, 26.4425290249373, Rx, 
12, 182, 1, 1, 44.7949604182928, Lightning, 
12, 184, 1, 1, 22.4910112186168, Rx, 
12, 185, 1, 1, 21.1768709579621, Rx, 
12, 186, 1, 1, 22.5878980674334, Rx, 
12, 195, 1, 1, 27.1346716420234, Rx, 
12, 196, 1, 1, 25.775439425113, Rx, 
12, 203, 1, 1, 34.6330158385901, Lightning, 
12, 208, 1, 1, 31.4538539782708, Accidental, 
12, 237, 1, 1, 31.8165813270907, Accidental, 
12, 299, 1, 1, 11.3255317734626, Lightning, 
12, 302, 1, 1, 15.0111592717043, Accidental, 
12, 350, 1, 1, 3.78914508946084, Lightning, 
13, 124, 1, 1, 11.7566997689553, Rx, 
13, 139, 1, 1, 10.5232322856994, Rx, 
13, 141, 1, 1, 10.0064642779678, Rx, 
13, 148, 1, 1, 11.7895066767125, Accidental, 
13, 148, 1, 1, 11.7895066767125, Rx, 
13, 150, 1, 1, 14.056107655635, Rx, 
13, 152, 1, 1, 11.6967798708636, Rx, 
13, 158, 1, 1, 14.6921611767471, Rx, 
13, 159, 1, 1, 13.7628063524759, Rx, 
13, 160, 1, 1, 14.7872547687325, Rx, 
13, 161, 1, 1, 14.26447713545, Rx, 
13, 163, 1, 1, 14.406496797749, Rx, 
13, 164, 1, 1, 13.0162649998018, Rx, 
13, 174, 1, 1, 37.5525125623794, Accidental, 
13, 175, 1, 1, 25.5423114579761, Lightning, 
13, 175, 1, 1, 25.5423114579761, Rx, 
13, 176, 1, 1, 24.7415073564636, Rx, 
13, 178, 1, 1, 19.2323610883031, Rx, 
13, 216, 1, 1, 36.7079599054724, Lightning, 
13, 220, 1, 1, 34.1470404079661, Lightning, 
13, 261, 1, 1, 24.8861543639045, Lightning, 
14, 107, 1, 1, 4.08890164413434, Lightning, 
14, 112, 1, 1, 11.8829898458118, Rx, 
14, 113, 1, 1, 11.2709395651884, Rx, 
14, 121, 1, 1, 15.3039199988978, Rx, 
14, 122, 1, 1, 15.7684902110338, Rx, 
14, 129, 1, 1, 19.3141868978335, Lightning, 
14, 139, 1, 1, 21.4499857701699, Rx, 
14, 144, 1, 1, 16.3137786699695, Rx, 
14, 145, 1, 1, 18.0716289497164, Rx, 
14, 146, 1, 1, 17.1702332451287, Rx, 
14, 147, 1, 1, 15.7531000506494, Rx, 
14, 148, 1, 1, 17.0565527751206, Rx, 
14, 154, 1, 1, 19.8410330855854, Rx, 
14, 155, 1, 1, 20.4077914299232, Rx, 
14, 156, 1, 1, 21.7464979082413, Rx, 
14, 159, 1, 1, 21.231859503347, Rx, 
14, 163, 1, 1, 18.670718488187, Rx, 
14, 175, 1, 1, 29.8436307118455, Lightning, 
14, 184, 1, 1, 21.1784539440675, Lightning, 
14, 202, 1, 1, 36.1411604515613, Accidental, 
14, 205, 1, 1, 33.8793112798816, Accidental, 
14, 239, 1, 1, 28.2699935294733, Accidental, 
14, 240, 1, 1, 30.5858950807474, Lightning, 
14, 245, 1, 1, 31.0661767909417, Accidental, 
14, 284, 1, 1, 31.6125945461609, Accidental, 
14, 296, 1, 1, 12.2846373368169, Accidental, 
15, 121, 1, 1, 5.38642552435479, Lightning, 
15, 127, 1, 1, 10.0832645175206, Rx, 
15, 128, 1, 1, 10.0437643215821, Rx, 
15, 132, 1, 1, 10.1498433575384, Rx, 
15, 143, 1, 1, 16.6133349333356, Rx, 
15, 150, 1, 1, 14.5108917788696, Accidental, 
15, 152, 1, 1, 11.4374056591369, Rx, 
15, 153, 1, 1, 11.3899197432675, Rx, 
15, 154, 1, 1, 10.964864360262, Rx, 
15, 155, 1, 1, 12.8967979239666, Rx, 
15, 159, 1, 1, 14.8221397932826, Rx, 
15, 160, 1, 1, 13.8195675360766, Rx, 
15, 168, 1, 1, 30.5368077001326, Accidental, 
15, 172, 1, 1, 17.0818450605417, Rx, 
15, 173, 1, 1, 18.2011465349208, Rx, 
15, 176, 1, 1, 20.0304952090282, Rx, 
15, 177, 1, 1, 17.2302435111462, Rx, 
15, 178, 1, 1, 20.8131949485544, Rx, 
15, 242, 1, 1, 24.9415922324204, Accidental, 
15, 258, 1, 1, 19.8686612280653, Lightning, 
15, 279, 1, 1, 16.2390269876548, Lightning, 
15, 282, 1, 1, 20.0573969647128, Accidental, 
15, 354, 1, 1, 1.35142451602126, Accidental, 
16, 86, 1, 1, 5.03017620655384, Lightning, 
16, 148, 1, 1, 10.0137326591304, Rx, 
16, 155, 1, 1, 11.3915433247554, Rx, 
16, 160, 1, 1, 12.671025802159, Rx, 
16, 170, 1, 1, 16.5583820532409, Rx, 
16, 174, 1, 1, 26.1169381632457, Lightning, 
16, 181, 1, 1, 21.7222248150248, Rx, 
16, 182, 1, 1, 24.0852761640373, Rx, 
16, 183, 1, 1, 27.4649532819873, Rx, 
16, 184, 1, 1, 27.0573901452097, Rx, 
16, 186, 1, 1, 25.8410853396124, Rx, 
16, 189, 1, 1, 23.4256349050184, Rx, 
16, 190, 1, 1, 25.6896868169207, Rx, 
16, 203, 1, 1, 23.5380520010613, Rx, 
16, 204, 1, 1, 24.5498620972505, Rx, 
16, 205, 1, 1, 25.0374807553946, Rx, 
16, 206, 1, 1, 26.1696046685804, Rx, 
16, 215, 1, 1, 33.0489623917302, Lightning, 
16, 228, 1, 1, 30.3982607955572, Accidental, 
16, 275, 1, 1, 32.3375614259461, Accidental, 
16, 305, 1, 1, 14.0557874348817, Lightning, 
17, 21, 1, 1, 0.789137467721497, Accidental, 
17, 130, 1, 1, 14.3972945538065, Rx, 
17, 142, 1, 1, 14.6081056088332, Rx, 
17, 144, 1, 1, 14.3542009334527, Rx, 
17, 145, 1, 1, 12.8471888962049, Rx, 
17, 149, 1, 1, 14.9235691503029, Rx, 
17, 151, 1, 1, 13.6326712353072, Rx, 
17, 155, 1, 1, 11.7359500323822, Rx, 
17, 156, 1, 1, 15.6718355854329, Rx, 
17, 159, 1, 1, 19.1709150771101, Rx, 
17, 160, 1, 1, 21.2662061625087, Rx, 
17, 161, 1, 1, 17.9270457076769, Rx, 
17, 162, 1, 1, 19.4043564044895, Rx, 
17, 163, 1, 1, 18.6524459806149, Rx, 
17, 164, 1, 1, 18.8549958579555, Rx, 
17, 165, 1, 1, 18.057727049382, Rx, 
17, 187, 1, 1, 35.7961731091736, Accidental, 
17, 194, 1, 1, 36.6191354839931, Lightning, 
17, 195, 1, 1, 33.8260001216502, Lightning, 
17, 214, 1, 1, 25.521378583019, Accidental, 
17, 219, 1, 1, 29.4417602325883, Accidental, 
17, 273, 1, 1, 22.5026858250648, Accidental, 
17, 277, 1, 1, 19.1757128395928, Lightning, 
17, 308, 1, 1, 14.7875267318305, Accidental, 
17, 342, 1, 1, 11.2377728294225, Lightning, 
18, 159, 1, 1, 10.2548606680399, Rx, 
18, 160, 1, 1, 10.1737216974318, Rx, 
18, 161, 1, 1, 11.9151356546786, Rx, 
18, 162, 1, 1, 10.9475896940106, Rx, 
18, 163, 1, 1, 11.7291074570538, Rx, 
18, 164, 1, 1, 13.1339641625873, Rx, 
18, 174, 1, 1, 17.6442482587649, Rx, 
18, 175, 1, 1, 12.9438771764827, Rx, 
18, 185, 1, 1, 32.9921655141832, Lightning, 
18, 203, 1, 1, 24.8928117729163, Accidental, 
18, 204, 1, 1, 26.9338999283293, Accidental, 
18, 209, 1, 1, 24.3393010077824, Rx, 
18, 210, 1, 1, 21.5495830361454, Rx, 
18, 211, 1, 1, 24.7822720539421, Rx, 
18, 214, 1, 1, 23.9015146754325, Rx, 
18, 215, 1, 1, 27.5576287349929, Accidental, 
18, 226, 1, 1, 26.6285111796366, Rx, 
18, 227, 1, 1, 24.6401237967279, Rx, 
18, 246, 1, 1, 17.0561927239525, Rx, 
19, 56, 1, 1, 1.14654065002514, Accidental, 
19, 128, 1, 1, 8.91989927473176, Accidental, 
19, 146, 1, 1, 12.4715313988074, Rx, 
19, 147, 1, 1, 12.8868681971323, Rx, 
19, 149, 1, 1, 14.4645721153122, Rx, 
19, 151, 1, 1, 22.2074536211264, Accidental, 
19, 152, 1, 1, 15.1130102062789, Lightning, 
19, 152, 1, 1, 15.1130102062789, Rx, 
19, 153, 1, 1, 13.2931240292181, Rx, 
19, 154, 1, 1, 12.1112335475159, Rx, 
19, 155, 1, 1, 12.8643724975844, Rx, 
19, 159, 1, 1, 14.5545822896141, Rx, 
19, 162, 1, 1, 15.5713177468902, Rx, 
19, 163, 1, 1, 16.9660117639083, Rx, 
19, 172, 1, 1, 15.8041591838349, Rx, 
19, 173, 1, 1, 14.7473261231888, Rx, 
19, 176, 1, 1, 16.8632008354145, Lightning, 
19, 176, 1, 1, 16.8632008354145, Rx, 
19, 194, 1, 1, 21.6787956874779, Rx, 
19, 204, 1, 1, 29.5341919770719, Lightning, 
19, 210, 1, 1, 24.5512470197751, Rx, 
19, 236, 1, 1, 32.5500748568286, Lightning, 
19, 247, 1, 1, 35.2759286734788, Accidental, 
19, 248, 1, 1, 35.4116209421282, Lightning, 
20, 149, 1, 1, 11.2368532776147, Rx, 
20, 150, 1, 1, 11.4739411179632, Rx, 
20, 170, 1, 1, 13.7796873377565, Rx, 
20, 171, 1, 1, 12.7567226741422, Rx, 
20, 172, 1, 1, 11.7319949874438, Rx, 
20, 173, 1, 1, 10.9472542749851, Rx, 
20, 174, 1, 1, 13.2618327605478, Rx, 
20, 180, 1, 1, 17.8009750904729, Rx, 
20, 181, 1, 1, 16.6421662886871, Rx, 
20, 182, 1, 1, 18.5766596578207, Rx, 
20, 185, 1, 1, 19.2293636161251, Rx, 
20, 186, 1, 1, 16.904071965116, Rx, 
20, 191, 1, 1, 18.9345752290817, Rx, 
20, 192, 1, 1, 19.1314172879988, Rx, 
20, 193, 1, 1, 18.0457932740912, Rx, 
20, 199, 1, 1, 31.1689385135808, Lightning, 
20, 202, 1, 1, 24.8000801918577, Accidental, 
20, 206, 1, 1, 27.9923289029828, Accidental, 
20, 260, 1, 1, 41.6029539003134, Lightning, 
20, 265, 1, 1, 23.5313880420079, Lightning, 
21, 46, 1, 1, 0.741019531267477, Lightning, 
21, 117, 1, 1, 13.5294966626969, Rx, 
21, 118, 1, 1, 13.585867310438, Rx, 
21, 119, 1, 1, 13.6734885732352, Rx, 
21, 123, 1, 1, 12.0604118148108, Lightning, 
21, 123, 1, 1, 12.0604118148108, Rx, 
21, 125, 1, 1, 11.5920657056711, Rx, 
21, 126, 1, 1, 10.186280350491, Rx, 
21, 131, 1, 1, 10.7858552704454, Rx, 
21, 132, 1, 1, 11.401706938573, Rx, 
21, 133, 1, 1, 11.4449747619518, Rx, 
21, 134, 1, 1, 10.4431553583031, Accidental, 
21, 134, 1, 1, 10.4431553583031, Rx, 
21, 140, 1, 1, 12.5524448981624, Rx, 
21, 153, 1, 1, 11.1307442014113, Rx, 
21, 154, 1, 1, 13.6751740351309, Rx, 
21, 155, 1, 1, 12.9891657087655, Rx, 
21, 156, 1, 1, 15.2794459034451, Rx, 
21, 182, 1, 1, 25.3268864759095, Lightning, 
21, 188, 1, 1, 40.0261689305776, Lightning, 
21, 213, 1, 1, 25.8690881031388, Accidental, 
21, 222, 1, 1, 29.4072216947656, Accidental, 
21, 222, 1, 1, 29.4072216947656, Lightning, 
21, 229, 1, 1, 30.5437633075174, Lightning, 
21, 240, 1, 1, 23.7901829844529, Lightning, 
21, 277, 1, 1, 44.2506749975485, Accidental, 
21, 278, 1, 1, 39.2510475412842, Lightning, 
21, 356, 1, 1, 15.6236320067215, Lightning, 
22, 110, 1, 1, 7.88887574631145, Accidental, 
22, 131, 1, 1, 10.8090873450633, Rx, 
22, 140, 1, 1, 12.67738916159, Rx, 
22, 142, 1, 1, 15.3690787873676, Rx, 
22, 143, 1, 1, 16.4793004334885, Rx, 
22, 144, 1, 1, 15.4536534757114, Rx, 
22, 145, 1, 1, 14.3254800483679, Rx, 
22, 146, 1, 1, 14.0747710184218, Rx, 
22, 148, 1, 1, 17.3085398649694, Rx, 
22, 149, 1, 1, 15.5916822468388, Rx, 
22, 155, 1, 1, 16.9515872207506, Accidental, 
22, 156, 1, 1, 14.3342674800216, Rx, 
22, 157, 1, 1, 15.5195320349083, Rx, 
22, 158, 1, 1, 15.1252239458989, Rx, 
22, 168, 1, 1, 12.7267622244551, Rx, 
22, 169, 1, 1, 13.8693761102392, Rx, 
22, 175, 1, 1, 19.5494620966661, Rx, 
22, 182, 1, 1, 27.1352950864627, Accidental, 
22, 194, 1, 1, 23.4465704777539, Lightning, 
22, 208, 1, 1, 23.2246179557926, Accidental, 
22, 229, 1, 1, 34.0497248772136, Accidental, 
22, 247, 1, 1, 24.4669402642439, Accidental, 
22, 260, 1, 1, 26.5485840435103, Lightning, 
22, 275, 1, 1, 37.792677513743, Accidental, 
22, 303, 1, 1, 28.5826530984968, Lightning, 
22, 346, 1, 1, 8.1647539616755, Accidental, 
23, 126, 1, 1, 13.1792095089556, Lightning, 
23, 140, 1, 1, 11.8514943202604, Rx, 
23, 141, 1, 1, 11.6906098889218, Rx, 
23, 143, 1, 1, 12.1373140538367, Rx, 
23, 144, 1, 1, 11.6567455265167, Rx, 
23, 145, 1, 1, 12.5349974823302, Rx, 
23, 146, 1, 1, 11.7513587599765, Rx, 
23, 147, 1, 1, 12.8436216297987, Rx, 
23, 150, 1, 1, 13.9568323149088, Rx, 
23, 151, 1, 1, 14.1317122886057, Rx, 
23, 155, 1, 1, 18.5780590271509, Rx, 
23, 158, 1, 1, 16.0278472236794, Rx, 
23, 159, 1, 1, 15.5197571107262, Rx, 
23, 160, 1, 1, 17.4680670704651, Rx, 
23, 162, 1, 1, 20.3206283102582, Rx, 
23, 163, 1, 1, 17.3297589163375, Rx, 
23, 164, 1, 1, 23.9260226991407, Lightning, 
23, 177, 1, 1, 25.2478566503034, Accidental, 
23, 179, 1, 1, 32.7444640419224, Lightning, 
23, 180, 1, 1, 31.6832521377386, Lightning, 
23, 255, 1, 1, 29.7634310091349, Accidental, 
23, 275, 1, 1, 29.9279815632751, Accidental, 
23, 288, 1, 1, 30.2461166329481, Accidental, 
24, 54, 1, 1, 0.940817064361589, Lightning, 
24, 125, 1, 1, 12.219950898987, Rx, 
24, 144, 1, 1, 10.3347332570108, Rx, 
24, 147, 1, 1, 10.03609454903, Rx, 
24, 150, 1, 1, 14.4063721796894, Rx, 
24, 151, 1, 1, 15.4391585042574, Rx, 
24, 153, 1, 1, 10.6495728428556, Rx, 
24, 154, 1, 1, 12.3424728725525, Rx, 
24, 160, 1, 1, 10.2029581628548, Rx, 
24, 172, 1, 1, 16.2550612642587, Rx, 
24, 173, 1, 1, 16.2932366050294, Rx, 
24, 177, 1, 1, 18.6665260554452, Rx, 
24, 179, 1, 1, 16.7735593707706, Rx, 
24, 182, 1, 1, 13.8474099598183, Rx, 
24, 185, 1, 1, 17.3772242409788, Rx, 
24, 186, 1, 1, 15.6007858525648, Rx, 
24, 212, 1, 1, 25.8165799836992, Accidental, 
24, 216, 1, 1, 26.0540537668551, Accidental, 
24, 248, 1, 1, 30.5567260153846, Lightning, 
24, 269, 1, 1, 39.9968730024536, Accidental, 
25, 42, 1, 1, 1.97216420398492, Lightning, 
25, 157, 1, 1, 15.7694654956218, Rx, 
25, 158, 1, 1, 17.1317990401733, Rx, 
25, 159, 1, 1, 14.9533932920993, Rx, 
25, 160, 1, 1, 13.6520479621933, Rx, 
25, 162, 1, 1, 17.2211685916663, Rx, 
25, 164, 1, 1, 17.4509589841576, Lightning, 
25, 164, 1, 1, 17.4509589841576, Rx, 
25, 171, 1, 1, 25.8590307915084, Rx, 
25, 172, 1, 1, 21.0383265990547, Rx, 
25, 173, 1, 1, 26.100683406849, Rx, 
25, 174, 1, 1, 19.9149218973759, Rx, 
25, 179, 1, 1, 22.1058927389534, Rx, 
25, 180, 1, 1, 17.181578964397, Rx, 
25, 185, 1, 1, 25.1732026998981, Rx, 
25, 210, 1, 1, 22.9526834819638, Rx, 
25, 211, 1, 1, 25.0669538993955, Rx, 
25, 260, 1, 1, 44.667376186135, Accidental, 
25, 267, 1, 1, 32.0984443690085, Lightning, 
25, 277, 1, 1, 44.459885747422, Accidental, 
25, 287, 1, 1, 32.6421250132223, Lightning, 
25, 294, 1, 1, 20.7989436064389, Accidental, 
26, 120, 1, 1, 12.2526182553273, Rx, 
26, 121, 1, 1, 11.5174764169118, Rx, 
26, 127, 1, 1, 10.3429009644068, Rx, 
26, 128, 1, 1, 10.9736493209811, Rx, 
26, 129, 1, 1, 10.3577198792587, Rx, 
26, 130, 1, 1, 10.2716993199428, Rx, 
26, 134, 1, 1, 10.9642069639693, Rx, 
26, 135, 1, 1, 12.3927821054534, Rx, 
26, 136, 1, 1, 14.391254752723, Rx, 
26, 137, 1, 1, 14.2110942419842, Rx, 
26, 149, 1, 1, 10.5877351621006, Rx, 
26, 158, 1, 1, 13.7077668541542, Rx, 
26, 165, 1, 1, 16.1588021395275, Rx, 
26, 167, 1, 1, 14.6532760025476, Rx, 
26, 168, 1, 1, 17.0008635808944, Rx, 
26, 184, 1, 1, 20.5490642553238, Lightning, 
26, 195, 1, 1, 41.5223345030961, Accidental, 
26, 198, 1, 1, 35.8170871391416, Lightning, 
26, 209, 1, 1, 32.2635129361561, Accidental, 
26, 224, 1, 1, 23.4905399682596, Lightning, 
26, 232, 1, 1, 28.8512841194316, Lightning, 
26, 254, 1, 1, 43.7921455747853, Lightning, 
26, 259, 1, 1, 45.0494052635787, Accidental, 
26, 267, 1, 1, 37.8501763624511, Accidental, 
26, 267, 1, 1, 37.8501763624511, Lightning, 
26, 276, 1, 1, 23.1991975038494, Accidental, 
26, 352, 1, 1, 1.41708264086052, Accidental, 
27, 100, 1, 1, 9.81741808003575, Lightning, 
27, 129, 1, 1, 7.66606483291184, Accidental, 
27, 149, 1, 1, 9.88910816673464, Accidental, 
27, 151, 1, 1, 10.1616921432216, Rx, 
27, 152, 1, 1, 10.6455360545918, Rx, 
27, 156, 1, 1, 12.9071182425777, Rx, 
27, 157, 1, 1, 12.124141227749, Rx, 
27, 158, 1, 1, 14.5594417997647, Rx, 
27, 159, 1, 1, 14.107143451051, Rx, 
27, 160, 1, 1, 14.2377149923968, Rx, 
27, 168, 1, 1, 13.5974623904644, Rx, 
27, 169, 1, 1, 13.9020450140331, Rx, 
27, 170, 1, 1, 13.2573080874489, Rx, 
27, 171, 1, 1, 13.3227814093399, Rx, 
27, 176, 1, 1, 14.7923577655622, Rx, 
27, 180, 1, 1, 19.3112420848744, Rx, 
27, 183, 1, 1, 21.2163333304359, Rx, 
27, 187, 1, 1, 18.9487118119813, Rx, 
27, 193, 1, 1, 22.0472178663686, Accidental, 
27, 201, 1, 1, 40.3459697640057, Accidental, 
27, 207, 1, 1, 26.330731277076, Lightning, 
27, 211, 1, 1, 41.1171557079192, Accidental, 
27, 241, 1, 1, 32.8181767107451, Accidental, 
27, 247, 1, 1, 30.6267795389558, Lightning, 
27, 250, 1, 1, 22.0337974524649, Lightning, 
27, 309, 1, 1, 20.8988559381179, Lightning, 
28, 108, 1, 1, 10.0910738509284, Rx, 
28, 114, 1, 1, 11.1623710428904, Rx, 
28, 115, 1, 1, 10.3450713139957, Rx, 
28, 116, 1, 1, 11.4880724445808, Rx, 
28, 120, 1, 1, 11.3880204821628, Rx, 
28, 121, 1, 1, 10.8308946462233, Rx, 
28, 123, 1, 1, 10.9909041572177, Rx, 
28, 124, 1, 1, 11.8318982814805, Rx, 
28, 126, 1, 1, 13.0931988724978, Rx, 
28, 127, 1, 1, 12.6528438618244, Rx, 
28, 129, 1, 1, 12.6569491371646, Rx, 
28, 134, 1, 1, 11.6841359222757, Rx, 
28, 137, 1, 1, 13.2646888713369, Rx, 
28, 138, 1, 1, 12.2432730720071, Rx, 
28, 141, 1, 1, 11.9832998313668, Rx, 
28, 186, 1, 1, 25.8717364176766, Lightning, 
28, 192, 1, 1, 38.0291781671829, Lightning, 
28, 202, 1, 1, 33.3882677073039, Lightning, 
28, 205, 1, 1, 32.9993523430027, Lightning, 
28, 218, 1, 1, 29.6632934667667, Lightning, 
28, 235, 1, 1, 30.4619742109664, Lightning, 
28, 256, 1, 1, 22.7235490683152, Lightning, 
28, 329, 1, 1, 0.897233591212125, Accidental, 
28, 339, 1, 1, 3.06582042885014, Lightning, 
29, 129, 1, 1, 10.1708088988728, Rx, 
29, 132, 1, 1, 9.76546900603515, Lightning, 
29, 139, 1, 1, 11.3795549570074, Rx, 
29, 140, 1, 1, 10.5292097097706, Rx, 
29, 141, 1, 1, 11.2667985863359, Rx, 
29, 143, 1, 1, 13.761477197934, Rx, 
29, 146, 1, 1, 10.2079939445883, Rx, 
29, 147, 1, 1, 13.4929538506352, Rx, 
29, 148, 1, 1, 12.4824012961272, Rx, 
29, 149, 1, 1, 12.9076125391921, Rx, 
29, 150, 1, 1, 13.8619231908944, Rx, 
29, 151, 1, 1, 14.474154269955, Rx, 
29, 156, 1, 1, 11.4431630716654, Rx, 
29, 164, 1, 1, 14.390556570977, Rx, 
29, 165, 1, 1, 14.349290979278, Rx, 
29, 166, 1, 1, 16.6123818538325, Rx, 
29, 175, 1, 1, 32.9286389259636, Accidental, 
29, 202, 1, 1, 27.5147252310551, Accidental, 
29, 206, 1, 1, 25.8700404941341, Accidental, 
29, 211, 1, 1, 35.32332304131, Accidental, 
29, 229, 1, 1, 42.947097384982, Lightning, 
29, 236, 1, 1, 33.6572450858552, Lightning, 
29, 262, 1, 1, 30.0348283029351, Accidental, 
29, 268, 1, 1, 31.9189176672403, Lightning, 
29, 311, 1, 1, 6.49529437313318, Accidental, 
30, 27, 1, 1, 4.38008980392363, Accidental, 
30, 129, 1, 1, 11.3335094420693, Rx, 
30, 130, 1, 1, 10.3235779004988, Rx, 
30, 132, 1, 1, 10.1462547951566, Rx, 
30, 133, 1, 1, 11.4953790074367, Rx, 
30, 134, 1, 1, 10.866281678946, Rx, 
30, 146, 1, 1, 14.5147345832067, Rx, 
30, 150, 1, 1, 16.9116830542087, Rx, 
30, 151, 1, 1, 18.0719303118451, Rx, 
30, 152, 1, 1, 16.6705104563232, Rx, 
30, 155, 1, 1, 20.4314657260692, Rx, 
30, 156, 1, 1, 21.7832580514971, Rx, 
30, 159, 1, 1, 17.0032335741952, Rx, 
30, 161, 1, 1, 22.8157967574215, Accidental, 
30, 161, 1, 1, 22.8157967574215, Rx, 
30, 162, 1, 1, 20.8756658643248, Rx, 
30, 163, 1, 1, 18.777099020385, Rx, 
30, 186, 1, 1, 35.7114642673471, Lightning, 
30, 193, 1, 1, 28.894351248322, Accidental, 
30, 208, 1, 1, 31.8087910806452, Lightning, 
30, 233, 1, 1, 31.0797474077365, Lightning, 
30, 239, 1, 1, 34.1264393411106, Lightning, 
30, 251, 1, 1, 23.2387712658555, Lightning, 
30, 252, 1, 1, 29.8470582047423, Accidental, 
31, 131, 1, 1, 11.7790936693944, Rx, 
31, 134, 1, 1, 11.2097694769632, Rx, 
31, 139, 1, 1, 13.6015177294986, Rx, 
31, 140, 1, 1, 13.2981945920433, Rx, 
31, 141, 1, 1, 13.6498272784662, Rx, 
31, 149, 1, 1, 27.0557730097725, Lightning, 
31, 150, 1, 1, 20.9264690671223, Rx, 
31, 151, 1, 1, 22.345879834158, Rx, 
31, 152, 1, 1, 27.4739546379178, Lightning, 
31, 154, 1, 1, 20.6118229716373, Lightning, 
31, 155, 1, 1, 18.9038378948412, Rx, 
31, 157, 1, 1, 22.783476224282, Rx, 
31, 161, 1, 1, 17.5901008428143, Rx, 
31, 162, 1, 1, 17.3590520248959, Rx, 
31, 163, 1, 1, 17.4445687682913, Rx, 
31, 164, 1, 1, 17.7049651574695, Rx, 
31, 172, 1, 1, 20.5055872217673, Rx, 
31, 195, 1, 1, 35.1408938726302, Lightning, 
31, 197, 1, 1, 31.9152470661724, Lightning, 
31, 199, 1, 1, 40.1685015134263, Lightning, 
31, 206, 1, 1, 38.3361373198383, Lightning, 
31, 214, 1, 1, 31.7498983726532, Rx, 
31, 244, 1, 1, 34.8697993596365, Lightning, 
31, 253, 1, 1, 42.8698834004077, Accidental, 
31, 305, 1, 1, 21.3613499591294, Accidental, 
32, 139, 1, 1, 12.5597099055268, Rx, 
32, 142, 1, 1, 16.9337857250742, Lightning, 
32, 146, 1, 1, 18.9205002500008, Lightning, 
32, 149, 1, 1, 17.5294436539813, Rx, 
32, 150, 1, 1, 13.6196567230706, Rx, 
32, 151, 1, 1, 12.7588946898233, Rx, 
32, 152, 1, 1, 12.5386456734305, Rx, 
32, 153, 1, 1, 14.1252414096208, Rx, 
32, 154, 1, 1, 14.0725164760537, Rx, 
32, 155, 1, 1, 15.9582028661081, Rx, 
32, 159, 1, 1, 19.5349183306774, Lightning, 
32, 162, 1, 1, 13.7414648612278, Rx, 
32, 171, 1, 1, 20.5894618667018, Rx, 
32, 172, 1, 1, 18.8291301816375, Rx, 
32, 173, 1, 1, 15.1880521753694, Rx, 
32, 174, 1, 1, 20.0686722283118, Lightning, 
32, 174, 1, 1, 20.0686722283118, Rx, 
32, 175, 1, 1, 21.4781663404094, Rx, 
32, 176, 1, 1, 22.0115642156956, Rx, 
32, 193, 1, 1, 31.6131592451722, Lightning, 
32, 198, 1, 1, 48.8741489476502, Lightning, 
32, 209, 1, 1, 33.5316428002279, Accidental, 
32, 248, 1, 1, 30.6522661001917, Lightning, 
32, 261, 1, 1, 37.4741559846952, Lightning, 
32, 264, 1, 1, 46.131400749721, Lightning, 
32, 305, 1, 1, 15.0253446363703, Lightning, 
32, 313, 1, 1, 18.5902268342852, Accidental, 
32, 315, 1, 1, 19.3155902913253, Accidental, 
33, 106, 1, 1, 8.30928526354655, Accidental, 
33, 124, 1, 1, 15.2664769707721, Rx, 
33, 125, 1, 1, 12.1984224370575, Rx, 
33, 126, 1, 1, 12.2001995308243, Rx, 
33, 127, 1, 1, 12.2188670670379, Rx, 
33, 128, 1, 1, 13.7412586193392, Rx, 
33, 129, 1, 1, 13.8304624503039, Rx, 
33, 131, 1, 1, 14.2735289063317, Rx, 
33, 133, 1, 1, 14.3124325688406, Rx, 
33, 140, 1, 1, 16.4773069617477, Rx, 
33, 141, 1, 1, 16.7171411811968, Rx, 
33, 142, 1, 1, 17.2427752071156, Rx, 
33, 146, 1, 1, 22.0414694457025, Rx, 
33, 147, 1, 1, 22.2337871964302, Rx, 
33, 148, 1, 1, 18.8779033186313, Rx, 
33, 162, 1, 1, 27.4291778879684, Accidental, 
33, 164, 1, 1, 18.7638321459533, Rx, 
33, 186, 1, 1, 34.8396133041519, Lightning, 
33, 189, 1, 1, 42.6307144113531, Lightning, 
33, 205, 1, 1, 31.5457359074197, Lightning, 
33, 226, 1, 1, 42.0144572881973, Lightning, 
33, 230, 1, 1, 47.3694187892495, Lightning, 
33, 233, 1, 1, 53.0812997529547, Lightning, 
33, 236, 1, 1, 35.5629893075587, Lightning, 
33, 239, 1, 1, 31.1031527163464, Lightning, 
34, 55, 1, 1, 3.65069064898481, Accidental, 
34, 159, 1, 1, 11.2873028620911, Rx, 
34, 164, 1, 1, 10.4760911233452, Rx, 
34, 167, 1, 1, 13.3206781204191, Rx, 
34, 168, 1, 1, 14.5771080564834, Rx, 
34, 170, 1, 1, 16.1705162002263, Rx, 
34, 171, 1, 1, 16.5508165705633, Rx, 
34, 172, 1, 1, 15.857476406954, Rx, 
34, 174, 1, 1, 16.9510316314185, Rx, 
34, 175, 1, 1, 19.5917943967026, Lightning, 
34, 190, 1, 1, 41.8769772057452, Accidental, 
34, 192, 1, 1, 39.5807606297106, Accidental, 
34, 193, 1, 1, 38.0948077098368, Lightning, 
34, 212, 1, 1, 28.7658048265615, Rx, 
34, 216, 1, 1, 25.2181599534863, Rx, 
34, 228, 1, 1, 23.4084652996086, Rx, 
34, 229, 1, 1, 21.3799168881605, Rx, 
34, 230, 1, 1, 22.0370531980096, Rx, 
34, 231, 1, 1, 21.6744047651102, Rx, 
34, 232, 1, 1, 20.1005074518543, Rx, 
34, 333, 1, 1, 22.9439839428147, Lightning, 
35, 73, 1, 1, 1.70225139490274, Accidental, 
35, 113, 1, 1, 10.161367961591, Rx, 
35, 114, 1, 1, 10.7437098316225, Rx, 
35, 116, 1, 1, 10.0480337250921, Rx, 
35, 117, 1, 1, 10.5970984152972, Rx, 
35, 118, 1, 1, 10.5150726485671, Rx, 
35, 120, 1, 1, 11.4366606398447, Rx, 
35, 128, 1, 1, 10.5736416925481, Rx, 
35, 129, 1, 1, 10.8756931791472, Rx, 
35, 131, 1, 1, 11.4160267884344, Rx, 
35, 132, 1, 1, 10.9584150928855, Rx, 
35, 133, 1, 1, 11.098034604333, Rx, 
35, 138, 1, 1, 15.2895413472216, Rx, 
35, 140, 1, 1, 14.0923546971064, Rx, 
35, 143, 1, 1, 19.2521795012359, Rx, 
35, 144, 1, 1, 16.56942927386, Rx, 
35, 174, 1, 1, 23.4432064672707, Lightning, 
35, 192, 1, 1, 32.5251877804007, Lightning, 
35, 204, 1, 1, 41.0162373999484, Lightning, 
35, 227, 1, 1, 33.0284329453273, Accidental, 
35, 236, 1, 1, 35.0518586288635, Lightning, 
35, 262, 1, 1, 20.1792640856459, Lightning, 
36, 57, 1, 1, 1.76379725725257, Lightning, 
36, 70, 1, 1, 7.62790242663087, Accidental, 
36, 127, 1, 1, 13.2665661504915, Rx, 
36, 137, 1, 1, 17.8273012525374, Rx, 
36, 138, 1, 1, 17.4741180693124, Rx, 
36, 141, 1, 1, 13.5140092946226, Rx, 
36, 144, 1, 1, 12.2622064172032, Lightning, 
36, 144, 1, 1, 12.2622064172032, Rx, 
36, 150, 1, 1, 15.0660546643882, Rx, 
36, 151, 1, 1, 14.7595699396616, Rx, 
36, 152, 1, 1, 13.941923956319, Rx, 
36, 157, 1, 1, 20.4290990999591, Lightning, 
36, 161, 1, 1, 16.752182233213, Rx, 
36, 162, 1, 1, 17.2566220016538, Rx, 
36, 166, 1, 1, 16.9783529878697, Rx, 
36, 167, 1, 1, 16.5571240798689, Rx, 
36, 175, 1, 1, 19.7226508572851, Rx, 
36, 182, 1, 1, 26.9148375698397, Accidental, 
36, 188, 1, 1, 32.8594241200408, Lightning, 
36, 196, 1, 1, 21.8743741636463, Rx, 
36, 197, 1, 1, 23.0686539212394, Rx, 
36, 203, 1, 1, 37.2935176643892, Accidental, 
36, 205, 1, 1, 39.1573850048642, Lightning, 
36, 211, 1, 1, 32.3797781481135, Accidental, 
36, 224, 1, 1, 31.2961484216315, Lightning, 
36, 275, 1, 1, 26.8699162307538, Lightning, 
37, 117, 1, 1, 12.3874154913919, Rx, 
37, 118, 1, 1, 10.8657876487413, Rx, 
37, 120, 1, 1, 11.1172328779373, Rx, 
37, 121, 1, 1, 10.7991059486807, Rx, 
37, 122, 1, 1, 11.7515991581632, Rx, 
37, 123, 1, 1, 11.4493632369081, Rx, 
37, 128, 1, 1, 12.2106606734995, Rx, 
37, 129, 1, 1, 10.3905738033894, Rx, 
37, 131, 1, 1, 10.1885965202269, Rx, 
37, 133, 1, 1, 11.6128769653282, Rx, 
37, 134, 1, 1, 11.7293252663555, Rx, 
37, 135, 1, 1, 11.7319674605454, Rx, 
37, 136, 1, 1, 12.6003690932911, Rx, 
37, 140, 1, 1, 14.0213437118252, Rx, 
37, 147, 1, 1, 13.7645180609107, Rx, 
37, 156, 1, 1, 27.9627095061735, Lightning, 
37, 159, 1, 1, 15.3052506327693, Lightning, 
37, 209, 1, 1, 40.9942704226583, Lightning, 
37, 221, 1, 1, 30.1066898317989, Accidental, 
37, 239, 1, 1, 39.7669644057691, Lightning, 
37, 240, 1, 1, 38.2236778270448, Accidental, 
37, 241, 1, 1, 54.3760335220862, Accidental, 
37, 241, 1, 1, 54.3760335220862, Lightning, 
37, 274, 1, 1, 37.3994885196098, Accidental, 
38, 11, 1, 1, 5.02005538381142, Accidental, 
38, 76, 1, 1, 8.66815789237875, Accidental, 
38, 105, 1, 1, 10.7627650908006, Rx, 
38, 106, 1, 1, 10.140827815554, Rx, 
38, 109, 1, 1, 10.333681457672, Rx, 
38, 113, 1, 1, 10.3955216603031, Rx, 
38, 114, 1, 1, 10.9590293761807, Rx, 
38, 124, 1, 1, 10.6792989602083, Rx, 
38, 126, 1, 1, 12.2784316514206, Rx, 
38, 128, 1, 1, 11.6430790224733, Rx, 
38, 131, 1, 1, 12.110278234973, Rx, 
38, 136, 1, 1, 11.8522946835035, Rx, 
38, 140, 1, 1, 13.0719973558663, Rx, 
38, 141, 1, 1, 11.8173743129475, Rx, 
38, 142, 1, 1, 13.6214221673514, Rx, 
38, 153, 1, 1, 16.9334259024464, Rx, 
38, 154, 1, 1, 18.6542351689534, Rx, 
38, 161, 1, 1, 16.7264600312648, Lightning, 
38, 182, 1, 1, 33.3036681854455, Accidental, 
38, 207, 1, 1, 33.5404430446726, Accidental, 
38, 221, 1, 1, 41.7077483862626, Accidental, 
38, 230, 1, 1, 33.2320768522972, Accidental, 
38, 235, 1, 1, 29.8640452615596, Accidental, 
38, 322, 1, 1, 19.6734717597192, Accidental, 
38, 335, 1, 1, 9.50915426127583, Accidental, 
39, 5, 1, 1, 1.94390929492286, Accidental, 
39, 67, 1, 1, 6.653426169777, Lightning, 
39, 100, 1, 1, 11.6904174507719, Lightning, 
39, 107, 1, 1, 11.1112026994096, Rx, 
39, 108, 1, 1, 10.2541902500223, Rx, 
39, 138, 1, 1, 21.6648530298476, Lightning, 
39, 144, 1, 1, 11.6478347571743, Rx, 
39, 145, 1, 1, 11.3033335877057, Rx, 
39, 149, 1, 1, 12.7126097403135, Rx, 
39, 150, 1, 1, 13.362847643476, Rx, 
39, 151, 1, 1, 11.7474481654, Rx, 
39, 152, 1, 1, 15.6530155151552, Rx, 
39, 153, 1, 1, 14.8078683661418, Rx, 
39, 154, 1, 1, 16.0137194352051, Rx, 
39, 162, 1, 1, 14.2267206842767, Rx, 
39, 165, 1, 1, 17.4711975840569, Rx, 
39, 169, 1, 1, 14.7227769222995, Rx, 
39, 170, 1, 1, 16.0408684799094, Rx, 
39, 172, 1, 1, 17.6083467798249, Rx, 
39, 185, 1, 1, 30.9050871371752, Lightning, 
39, 193, 1, 1, 39.4091723525679, Lightning, 
39, 202, 1, 1, 36.4889280195347, Accidental, 
39, 203, 1, 1, 32.7052510693889, Lightning, 
39, 234, 1, 1, 24.0353027215661, Lightning, 
39, 236, 1, 1, 29.8447468879984, Lightning, 
39, 247, 1, 1, 33.2290619715892, Lightning, 
39, 304, 1, 1, 24.5453929913073, Lightning, 
39, 318, 1, 1, 19.0586913493141, Lightning, 
39, 330, 1, 1, 17.1380918531837, Accidental, 
40, 125, 1, 1, 10.568425519428, Rx, 
40, 137, 1, 1, 10.0884230878167, Rx, 
40, 145, 1, 1, 13.2617992819729, Rx, 
40, 151, 1, 1, 11.8164522915559, Rx, 
40, 166, 1, 1, 12.0340976948569, Rx, 
40, 167, 1, 1, 12.1056687916703, Rx, 
40, 168, 1, 1, 11.0171786595349, Rx, 
40, 169, 1, 1, 13.528281820936, Rx, 
40, 170, 1, 1, 11.6015108057181, Rx, 
40, 171, 1, 1, 14.6338876429396, Rx, 
40, 172, 1, 1, 15.8918960349589, Rx, 
40, 174, 1, 1, 18.1578209907671, Rx, 
40, 179, 1, 1, 29.3470568734099, Lightning, 
40, 185, 1, 1, 23.9676851753941, Rx, 
40, 186, 1, 1, 21.7594189849622, Rx, 
40, 187, 1, 1, 18.5835190486654, Rx, 
40, 219, 1, 1, 24.845870137796, Lightning, 
40, 225, 1, 1, 43.9640466449062, Lightning, 
40, 241, 1, 1, 31.2395698257623, Lightning, 
40, 244, 1, 1, 44.901808497712, Accidental, 
40, 275, 1, 1, 29.9393871484167, Lightning, 
40, 282, 1, 1, 36.0881189484006, Accidental, 
40, 283, 1, 1, 35.2196449761535, Accidental, 
41, 43, 1, 1, 3.14896820025998, Accidental, 
41, 52, 1, 1, 4.28513442227394, Lightning, 
41, 86, 1, 1, 13.0403636436944, Rx, 
41, 90, 1, 1, 10.2748163964416, Rx, 
41, 126, 1, 1, 11.4034504818912, Rx, 
41, 130, 1, 1, 11.3138956870159, Rx, 
41, 131, 1, 1, 10.9797708942494, Rx, 
41, 132, 1, 1, 10.5696900685157, Rx, 
41, 133, 1, 1, 10.7835728376356, Rx, 
41, 136, 1, 1, 12.0139386356893, Rx, 
41, 137, 1, 1, 15.5558272977754, Accidental, 
41, 138, 1, 1, 12.2101531946684, Rx, 
41, 139, 1, 1, 11.5847468148331, Rx, 
41, 140, 1, 1, 12.4412062460053, Rx, 
41, 141, 1, 1, 12.7015777113191, Rx, 
41, 143, 1, 1, 12.9994572810117, Rx, 
41, 144, 1, 1, 15.4184550727428, Rx, 
41, 147, 1, 1, 20.4286940481888, Rx, 
41, 205, 1, 1, 28.6932683617511, Lightning, 
41, 264, 1, 1, 35.1647391776365, Accidental, 
42, 117, 1, 1, 11.825609924273, Accidental, 
42, 117, 1, 1, 11.825609924273, Rx, 
42, 120, 1, 1, 14.4343916129495, Rx, 
42, 121, 1, 1, 12.3272013846107, Rx, 
42, 122, 1, 1, 13.1669867055857, Rx, 
42, 123, 1, 1, 13.7893244538536, Rx, 
42, 126, 1, 1, 12.0433566271381, Rx, 
42, 127, 1, 1, 11.6774991763722, Rx, 
42, 128, 1, 1, 11.5138004166657, Rx, 
42, 134, 1, 1, 10.3964851838692, Rx, 
42, 138, 1, 1, 14.3170430617784, Rx, 
42, 142, 1, 1, 16.0637788166641, Rx, 
42, 143, 1, 1, 24.5680768429662, Lightning, 
42, 144, 1, 1, 16.5310131862072, Rx, 
42, 145, 1, 1, 15.7069603618659, Rx, 
42, 146, 1, 1, 20.5335871458211, Rx, 
42, 150, 1, 1, 19.0504185291304, Rx, 
42, 161, 1, 1, 28.1343777816322, Lightning, 
42, 168, 1, 1, 24.9158508462172, Accidental, 
42, 176, 1, 1, 31.9147228965901, Accidental, 
42, 178, 1, 1, 31.9488807224849, Lightning, 
42, 190, 1, 1, 48.1930712391529, Lightning, 
42, 194, 1, 1, 35.8998677823009, Accidental, 
42, 198, 1, 1, 40.5522192914605, Accidental, 
42, 199, 1, 1, 42.0131899369002, Accidental, 
42, 200, 1, 1, 40.7779975992603, Lightning, 
42, 208, 1, 1, 34.3521904263747, Lightning, 
42, 209, 1, 1, 35.3375682398992, Lightning, 
42, 223, 1, 1, 35.6249647128036, Lightning, 
42, 225, 1, 1, 32.1093783448463, Accidental, 
42, 232, 1, 1, 39.0208723871872, Lightning, 
42, 244, 1, 1, 30.1734312798966, Lightning, 
42, 251, 1, 1, 36.5992045956214, Accidental, 
42, 262, 1, 1, 26.6254367518424, Accidental, 
43, 116, 1, 1, 10.2943882341903, Rx, 
43, 140, 1, 1, 11.9765174831197, Rx, 
43, 142, 1, 1, 18.1067452291278, Accidental, 
43, 146, 1, 1, 31.9773344548631, Accidental, 
43, 152, 1, 1, 18.6257443564262, Rx, 
43, 153, 1, 1, 17.8758169460493, Rx, 
43, 154, 1, 1, 17.0190967542036, Rx, 
43, 159, 1, 1, 16.246600137404, Rx, 
43, 160, 1, 1, 15.0061470160352, Rx, 
43, 161, 1, 1, 17.6087387830299, Rx, 
43, 165, 1, 1, 19.4220174308805, Rx, 
43, 166, 1, 1, 20.6526278033911, Rx, 
43, 168, 1, 1, 19.1556097331307, Rx, 
43, 169, 1, 1, 18.9615452464763, Rx, 
43, 172, 1, 1, 24.359381499283, Rx, 
43, 176, 1, 1, 45.5069632090195, Accidental, 
43, 181, 1, 1, 40.0121360503468, Lightning, 
43, 186, 1, 1, 42.1420381955756, Lightning, 
43, 189, 1, 1, 23.2695845627835, Rx, 
43, 200, 1, 1, 27.3381843804048, Rx, 
43, 206, 1, 1, 41.0122352440259, Lightning, 
43, 211, 1, 1, 39.7245604860804, Lightning, 
43, 251, 1, 1, 41.319193372787, Accidental, 
44, 138, 1, 1, 13.326629183225, Rx, 
44, 139, 1, 1, 13.2422937626346, Rx, 
44, 142, 1, 1, 18.491216517129, Accidental, 
44, 154, 1, 1, 16.4842339001314, Lightning, 
44, 164, 1, 1, 34.7605284408423, Lightning, 
44, 166, 1, 1, 22.3692861141314, Rx, 
44, 168, 1, 1, 25.4848054293958, Rx, 
44, 170, 1, 1, 20.0059241349715, Rx, 
44, 171, 1, 1, 20.4975266631742, Rx, 
44, 172, 1, 1, 19.5996420491475, Rx, 
44, 173, 1, 1, 19.2185024253885, Rx, 
44, 186, 1, 1, 21.7619532607214, Accidental, 
44, 189, 1, 1, 22.3602074644906, Rx, 
44, 190, 1, 1, 18.9269911397914, Rx, 
44, 191, 1, 1, 21.1385581369071, Rx, 
44, 226, 1, 1, 43.1959008935676, Lightning, 
44, 232, 1, 1, 29.9345470418503, Accidental, 
44, 242, 1, 1, 26.1950268634579, Rx, 
44, 250, 1, 1, 33.6838127334975, Lightning, 
44, 261, 1, 1, 32.17665925347, Accidental, 
44, 271, 1, 1, 22.4450441492959, Rx, 
44, 272, 1, 1, 19.0273353654731, Rx, 
44, 273, 1, 1, 23.0513984230902, Rx, 
44, 288, 1, 1, 39.5964736213237, Accidental, 
44, 306, 1, 1, 21.7701481094843, Lightning, 
44, 308, 1, 1, 32.0680008738562, Lightning, 
45, 34, 1, 1, 5.77124295580227, Accidental, 
45, 36, 1, 1, 6.16097563778417, Accidental, 
45, 42, 1, 1, 6.07106673955691, Accidental, 
45, 121, 1, 1, 15.3909541916366, Rx, 
45, 122, 1, 1, 14.2774215987995, Rx, 
45, 123, 1, 1, 14.6260099380393, Rx, 
45, 124, 1, 1, 12.7813778845701, Rx, 
45, 150, 1, 1, 13.3016417904132, Rx, 
45, 156, 1, 1, 17.6907009306841, Rx, 
45, 157, 1, 1, 17.4668059743568, Rx, 
45, 160, 1, 1, 23.0499561491712, Lightning, 
45, 161, 1, 1, 15.1218164298496, Rx, 
45, 162, 1, 1, 16.0179167180002, Rx, 
45, 163, 1, 1, 15.5696502759454, Rx, 
45, 164, 1, 1, 14.8924789504725, Rx, 
45, 165, 1, 1, 15.2951691245384, Rx, 
45, 166, 1, 1, 16.381466710631, Rx, 
45, 177, 1, 1, 34.8732963967775, Accidental, 
45, 201, 1, 1, 26.1287270153451, Rx, 
45, 209, 1, 1, 27.1432816304483, Lightning, 
45, 209, 1, 1, 27.1432816304483, Rx, 
45, 221, 1, 1, 24.1255889684484, Accidental, 
45, 228, 1, 1, 38.4785191920873, Lightning, 
46, 111, 1, 1, 11.5817226466735, Rx, 
46, 112, 1, 1, 10.0477841858508, Rx, 
46, 118, 1, 1, 11.1337439974831, Rx, 
46, 119, 1, 1, 10.5376226826674, Rx, 
46, 123, 1, 1, 10.8605232754299, Rx, 
46, 128, 1, 1, 11.0638763581289, Rx, 
46, 131, 1, 1, 11.4661442660539, Rx, 
46, 133, 1, 1, 13.7523704964952, Lightning, 
46, 136, 1, 1, 13.5411987820199, Lightning, 
46, 142, 1, 1, 15.0332898644939, Rx, 
46, 143, 1, 1, 12.2814445279083, Rx, 
46, 144, 1, 1, 15.5772608362701, Rx, 
46, 146, 1, 1, 17.0545069405145, Rx, 
46, 155, 1, 1, 16.6970268081919, Rx, 
46, 160, 1, 1, 18.5282288819396, Rx, 
46, 161, 1, 1, 15.1593225197562, Rx, 
46, 163, 1, 1, 20.8403470769054, Rx, 
46, 178, 1, 1, 21.6567237447557, Accidental, 
46, 194, 1, 1, 36.1249521066422, Accidental, 
46, 215, 1, 1, 35.6678277042033, Accidental, 
46, 255, 1, 1, 32.2997618330521, Lightning, 
46, 256, 1, 1, 32.4419374555289, Lightning, 
46, 268, 1, 1, 34.5992735623776, Accidental, 
46, 276, 1, 1, 43.9653297379074, Lightning, 
47, 41, 1, 1, 5.45804150962952, Accidental, 
47, 42, 1, 1, 5.76204653569097, Lightning, 
47, 69, 1, 1, 6.23546002529307, Accidental, 
47, 91, 1, 1, 11.7176974546625, Rx, 
47, 137, 1, 1, 10.248242817974, Rx, 
47, 138, 1, 1, 11.9033055807021, Rx, 
47, 140, 1, 1, 11.3673995762636, Rx, 
47, 142, 1, 1, 12.8505847750881, Rx, 
47, 144, 1, 1, 13.9633425693608, Rx, 
47, 145, 1, 1, 13.1861302364353, Rx, 
47, 146, 1, 1, 13.6374891620427, Rx, 
47, 147, 1, 1, 13.0744040200059, Rx, 
47, 159, 1, 1, 10.5736398480947, Rx, 
47, 160, 1, 1, 12.3658878203289, Rx, 
47, 168, 1, 1, 27.5963223695172, Accidental, 
47, 172, 1, 1, 18.9116806381912, Rx, 
47, 173, 1, 1, 19.0364978330587, Rx, 
47, 174, 1, 1, 19.9486820509514, Rx, 
47, 175, 1, 1, 18.3148895503427, Rx, 
47, 189, 1, 1, 25.8840197148887, Accidental, 
47, 190, 1, 1, 26.4035187515504, Accidental, 
47, 226, 1, 1, 39.93201043451, Accidental, 
47, 230, 1, 1, 35.8722129469958, Accidental, 
47, 249, 1, 1, 29.792745069686, Lightning, 
47, 264, 1, 1, 44.448015222291, Lightning, 
47, 269, 1, 1, 19.046728508695, Accidental, 
47, 285, 1, 1, 30.3336428825918, Lightning, 
47, 297, 1, 1, 24.0878890712454, Accidental, 
47, 304, 1, 1, 17.2163102795531, Accidental, 
47, 338, 1, 1, 15.7403267061533, Lightning, 
47, 355, 1, 1, 7.83263072877739, Accidental, 
48, 43, 1, 1, 9.0249853865509, Accidental, 
48, 104, 1, 1, 12.1833680411152, Lightning, 
48, 107, 1, 1, 13.6101016282742, Rx, 
48, 108, 1, 1, 15.3823594069834, Rx, 
48, 112, 1, 1, 11.5876291339261, Rx, 
48, 114, 1, 1, 12.6221542986207, Rx, 
48, 115, 1, 1, 12.2795969002422, Rx, 
48, 116, 1, 1, 12.0798092837319, Rx, 
48, 117, 1, 1, 11.7404321880398, Rx, 
48, 123, 1, 1, 10.1655373760086, Rx, 
48, 126, 1, 1, 10.1999047735863, Rx, 
48, 127, 1, 1, 11.012339528711, Rx, 
48, 130, 1, 1, 11.9556703325803, Rx, 
48, 131, 1, 1, 11.3353195598302, Rx, 
48, 133, 1, 1, 14.1880091593852, Rx, 
48, 134, 1, 1, 10.6924110419409, Rx, 
48, 139, 1, 1, 20.3028178533723, Rx, 
48, 165, 1, 1, 20.0460120487737, Accidental, 
48, 182, 1, 1, 48.0042608027925, Lightning, 
48, 183, 1, 1, 50.5843617272699, Accidental, 
48, 184, 1, 1, 49.1699125841938, Accidental, 
48, 200, 1, 1, 29.1684736500585, Lightning, 
48, 205, 1, 1, 48.8499282474287, Lightning, 
48, 207, 1, 1, 40.443813955462, Lightning, 
48, 212, 1, 1, 41.6046965941803, Accidental, 
48, 224, 1, 1, 36.2768738971204, Accidental, 
48, 235, 1, 1, 38.120419884633, Accidental, 
48, 247, 1, 1, 36.0167090111034, Lightning, 
48, 267, 1, 1, 41.2224921689849, Accidental, 
48, 282, 1, 1, 39.961600877127, Lightning, 
48, 285, 1, 1, 46.6264701718814, Accidental, 
48, 286, 1, 1, 38.2907307713839, Accidental, 
49, 110, 1, 1, 13.7770551637336, Rx, 
49, 111, 1, 1, 16.1158300436771, Rx, 
49, 112, 1, 1, 11.2804913837264, Rx, 
49, 113, 1, 1, 12.2637180777501, Rx, 
49, 117, 1, 1, 11.4236651501459, Rx, 
49, 120, 1, 1, 10.4945703037209, Rx, 
49, 121, 1, 1, 10.6693028290068, Rx, 
49, 123, 1, 1, 15.5465932155433, Rx, 
49, 125, 1, 1, 13.9013302535491, Rx, 
49, 126, 1, 1, 12.3532085384675, Rx, 
49, 128, 1, 1, 12.8008924706504, Rx, 
49, 129, 1, 1, 14.00688237667, Rx, 
49, 132, 1, 1, 11.517416353855, Rx, 
49, 134, 1, 1, 12.6220297212156, Rx, 
49, 136, 1, 1, 10.3148991827443, Rx, 
49, 173, 1, 1, 25.4740154984053, Lightning, 
49, 189, 1, 1, 33.8981184471825, Accidental, 
49, 193, 1, 1, 31.6810149176233, Accidental, 
49, 198, 1, 1, 37.9326050279583, Accidental, 
49, 203, 1, 1, 27.0780410873303, Lightning, 
49, 238, 1, 1, 21.8413471087475, Accidental, 
49, 256, 1, 1, 36.5586753608544, Accidental, 
49, 273, 1, 1, 25.0874206148566, Accidental, 
49, 319, 1, 1, 13.1669285895504, Lightning, 
50, 14, 1, 1, 2.88653565525372, Lightning, 
50, 119, 1, 1, 11.0361350590774, Rx, 
50, 120, 1, 1, 10.8974705980221, Rx, 
50, 121, 1, 1, 11.6637804118025, Rx, 
50, 122, 1, 1, 10.2581807465957, Rx, 
50, 123, 1, 1, 10.3996772643351, Rx, 
50, 129, 1, 1, 14.8529704417946, Rx, 
50, 138, 1, 1, 14.429313315648, Rx, 
50, 139, 1, 1, 18.2422344642877, Rx, 
50, 140, 1, 1, 15.9653073775052, Rx, 
50, 141, 1, 1, 16.335132713191, Rx, 
50, 142, 1, 1, 16.5133219805334, Accidental, 
50, 142, 1, 1, 16.5133219805334, Rx, 
50, 146, 1, 1, 23.2325737538188, Accidental, 
50, 148, 1, 1, 26.5150344862095, Lightning, 
50, 157, 1, 1, 25.2409255514956, Rx, 
50, 159, 1, 1, 26.6349049689841, Lightning, 
50, 161, 1, 1, 26.6160857555118, Accidental, 
50, 164, 1, 1, 20.8695867743985, Rx, 
50, 165, 1, 1, 24.1770894674106, Lightning, 
50, 175, 1, 1, 26.6295825500796, Rx, 
50, 183, 1, 1, 25.2619472140526, Rx, 
50, 197, 1, 1, 35.4949438209038, Accidental, 
50, 201, 1, 1, 34.4330754935217, Accidental, 
50, 213, 1, 1, 36.1953961084359, Accidental, 
50, 233, 1, 1, 46.073876984974, Accidental, 
50, 250, 1, 1, 50.4383445583324, Lightning, 
50, 277, 1, 1, 48.5893320127929, Lightning, 
50, 301, 1, 1, 20.7887978367477, Lightning, 
50, 308, 1, 1, 17.0905815602946, Accidental, 
50, 340, 1, 1, 6.65546040897078, Accidental, 
50, 341, 1, 1, 22.8406195411597, Lightning, 
51, 5, 1, 1, 3.57292524466456, Lightning, 
51, 83, 1, 1, 5.2717172510639, Lightning, 
51, 111, 1, 1, 11.8887662189041, Lightning, 
51, 122, 1, 1, 10.289793274221, Rx, 
51, 124, 1, 1, 11.0682561745679, Rx, 
51, 125, 1, 1, 12.77806450818, Rx, 
51, 128, 1, 1, 11.8364215306367, Rx, 
51, 129, 1, 1, 12.3329960975672, Rx, 
51, 133, 1, 1, 16.5376197564937, Rx, 
51, 134, 1, 1, 14.9898675040302, Rx, 
51, 136, 1, 1, 19.8602027624246, Rx, 
51, 143, 1, 1, 26.8912462378798, Accidental, 
51, 144, 1, 1, 21.8627755260787, Rx, 
51, 145, 1, 1, 16.2850118102353, Rx, 
51, 146, 1, 1, 14.3010237234447, Rx, 
51, 151, 1, 1, 24.5629813256581, Accidental, 
51, 159, 1, 1, 22.2812500545297, Rx, 
51, 165, 1, 1, 23.7725949130338, Rx, 
51, 166, 1, 1, 26.8133395682323, Rx, 
51, 175, 1, 1, 39.0823474369236, Accidental, 
51, 181, 1, 1, 26.0550790792807, Rx, 
51, 187, 1, 1, 36.6753377400712, Lightning, 
51, 188, 1, 1, 38.8192747993672, Accidental, 
51, 189, 1, 1, 43.6027174218882, Accidental, 
51, 191, 1, 1, 44.8677411141655, Accidental, 
51, 191, 1, 1, 44.8677411141655, Lightning, 
51, 194, 1, 1, 43.4245653719066, Accidental, 
51, 202, 1, 1, 51.8789947891711, Accidental, 
51, 204, 1, 1, 52.3419314689925, Accidental, 
51, 205, 1, 1, 50.8815054392413, Lightning, 
51, 226, 1, 1, 40.1465265310728, Accidental, 
51, 265, 1, 1, 25.5093998895268, Lightning, 
